Codon	Partition	alpha	beta_plus	p_plus	LRT	pValue	Species
16	1	0.000	3.569	1.000	1.820	0.0990	Ficedula_albicollis
22	1	0.000	5.986	1.000	3.795	0.0297	Ficedula_albicollis
57	1	0.000	1276.025	1.000	4.608	0.0495	Ficedula_albicollis
60	1	0.000	9.607	1.000	4.309	0.0396	Ficedula_albicollis
76	1	0.000	5.701	1.000	2.987	0.0297	Ficedula_albicollis
89	1	0.000	3.393	1.000	2.001	0.0891	Ficedula_albicollis
99	1	0.000	2097.434	1.000	3.144	0.0990	Ficedula_albicollis
119	1	0.000	0.053	0.250	0.000	0.0099	Ficedula_albicollis
156	1	0.000	20.794	1.000	5.279	0.0396	Ficedula_albicollis
164	1	0.000	6.375	1.000	4.138	0.0099	Ficedula_albicollis
174	1	0.000	2507.889	1.000	4.028	0.0396	Ficedula_albicollis
179	1	0.000	12.297	1.000	3.096	0.0693	Ficedula_albicollis
192	1	0.000	1.028	0.990	0.256	0.0396	Ficedula_albicollis
224	1	0.000	8.334	1.000	2.933	0.0396	Ficedula_albicollis
251	1	0.000	13.615	1.000	5.563	0.0099	Ficedula_albicollis
299	1	2.022	7630.325	1.000	3.690	0.0198	Ficedula_albicollis
301	1	0.000	10.269	1.000	3.121	0.0495	Ficedula_albicollis
306	1	0.000	56.149	1.000	5.886	0.0099	Ficedula_albicollis
313	1	0.000	5.248	1.000	2.324	0.0792	Ficedula_albicollis
332	1	0.000	12.554	1.000	2.775	0.0792	Ficedula_albicollis
16	1	0.000	3.569	1.000	1.820	0.0990	Ficedula_albicollis
22	1	0.000	5.986	1.000	3.795	0.0297	Ficedula_albicollis
57	1	0.000	1276.025	1.000	4.608	0.0495	Ficedula_albicollis
60	1	0.000	9.607	1.000	4.309	0.0396	Ficedula_albicollis
76	1	0.000	5.701	1.000	2.987	0.0297	Ficedula_albicollis
89	1	0.000	3.393	1.000	2.001	0.0891	Ficedula_albicollis
99	1	0.000	2097.434	1.000	3.144	0.0990	Ficedula_albicollis
119	1	0.000	0.053	0.250	0.000	0.0099	Ficedula_albicollis
156	1	0.000	20.794	1.000	5.279	0.0396	Ficedula_albicollis
164	1	0.000	6.375	1.000	4.138	0.0099	Ficedula_albicollis
174	1	0.000	2507.889	1.000	4.028	0.0396	Ficedula_albicollis
179	1	0.000	12.297	1.000	3.096	0.0693	Ficedula_albicollis
192	1	0.000	1.028	0.990	0.256	0.0396	Ficedula_albicollis
224	1	0.000	8.334	1.000	2.933	0.0396	Ficedula_albicollis
251	1	0.000	13.615	1.000	5.563	0.0099	Ficedula_albicollis
299	1	2.022	7630.325	1.000	3.690	0.0198	Ficedula_albicollis
301	1	0.000	10.269	1.000	3.121	0.0495	Ficedula_albicollis
306	1	0.000	56.149	1.000	5.886	0.0099	Ficedula_albicollis
313	1	0.000	5.248	1.000	2.324	0.0792	Ficedula_albicollis
332	1	0.000	12.554	1.000	2.775	0.0792	Ficedula_albicollis
