#	total_frames:200	interaction_types:vdw
#	Columns:	residue_1,	residue_2	frame_count	contact_frequency
A:ASN:346	R:SER:79	0.085
A:GLU:309	R:SER:247	0.025
A:ILE:28	R:GLN:157	0.025
A:LYS:32	R:HIS:154	0.335
A:ILE:343	R:HIS:154	0.495
A:THR:340	R:ILE:147	0.025
A:ASN:347	R:ALA:150	0.015
A:LYS:193	R:MET:155	0.035
A:LEU:353	R:VAL:255	0.030
B:ASN:313	R:ILE:330	0.055
A:GLY:352	R:TYR:316	0.460
B:LEU:55	R:ARG:160	0.025
A:TYR:354	R:SER:247	0.085
A:ILE:343	R:LYS:159	0.065
B:GLY:310	R:TRP:335	0.015
A:CYS:351	R:TYR:316	0.420
A:GLY:350	R:PHE:71	0.160
A:ARG:349	R:LYS:322	0.875
A:PHE:336	R:MET:155	0.005
A:ARG:349	R:ASN:325	0.090
A:LYS:311	R:SER:247	0.050
A:PRO:315	R:GLN:321	0.220
A:LEU:195	R:THR:151	0.085
A:ARG:349	R:ALA:77	0.565
A:LEU:353	R:ILE:256	0.030
A:GLN:333	R:GLN:245	0.020
A:GLY:350	R:THR:81	0.740
A:GLU:318	R:SER:247	0.880
A:TYR:320	R:GLN:245	0.955
A:ASN:194	R:THR:151	0.795
A:ASP:341	R:ALA:244	0.390
A:CYS:351	R:ILE:147	0.005
A:SER:29	R:HIS:154	0.060
A:THR:340	R:ALA:150	0.110
A:GLY:350	R:TYR:316	0.330
A:GLY:350	R:LEU:85	0.330
A:ASP:341	R:LEU:241	0.010
B:ASP:312	R:LYS:75	0.200
A:ARG:349	R:LYS:248	0.095
B:PHE:292	R:TRP:335	0.375
A:GLY:350	R:ASP:82	0.035
A:LEU:353	R:ILE:147	0.015
A:GLY:352	R:VAL:255	0.120
A:ARG:349	R:ARG:78	0.100
A:CYS:351	R:ASP:142	0.020
A:CYS:351	R:ARG:143	0.770
A:TYR:354	R:LYS:251	0.630
A:LEU:348	R:GLN:321	0.415
A:ILE:28	R:HIS:154	0.005
A:GLY:350	R:ILE:319	0.035
A:ARG:313	R:LYS:329	0.045
B:PHE:335	R:ARG:78	0.020
A:ASN:347	R:THR:81	0.280
A:ILE:344	R:ALA:150	0.015
A:THR:340	R:HIS:154	0.010
A:GLY:352	R:ILE:319	0.580
A:GLY:350	R:LYS:322	0.335
A:CYS:351	R:LEU:85	0.005
A:LEU:348	R:ARG:143	0.295
A:ASP:341	R:GLN:245	0.590
A:ASP:337	R:ALA:244	0.210
A:ASN:347	R:SER:146	0.360
A:GLY:350	R:SER:79	0.055
A:ARG:349	R:GLN:321	0.915
A:ILE:343	R:THR:151	0.020
A:CYS:351	R:SER:146	0.005
A:LYS:32	R:MET:155	0.430
A:TYR:354	R:HIS:250	0.010
A:ASP:341	R:LYS:248	0.020
A:ILE:344	R:LEU:241	0.075
A:GLY:352	R:LEU:315	0.015
A:LEU:348	R:LEU:241	0.015
A:LEU:348	R:SER:146	0.215
B:LEU:55	R:LYS:76	0.005
A:ASN:347	R:LYS:159	0.655
A:ALA:345	R:LYS:248	0.325
A:CYS:351	R:ILE:139	0.365
A:ILE:343	R:ALA:150	0.155
A:ASN:347	R:SER:79	0.515
A:GLU:318	R:ASN:246	0.715
A:LEU:348	R:THR:81	0.035
A:ASP:337	R:GLN:243	0.110
A:LEU:353	R:LYS:248	0.595
A:LYS:193	R:THR:151	0.235
A:GLU:318	R:GLN:245	0.110
A:THR:340	R:SER:146	0.040
B:ASP:312	R:LYS:76	0.085
B:LYS:337	R:LYS:75	0.010
A:CYS:351	R:THR:81	0.245
A:GLY:352	R:GLY:320	0.065
A:GLU:25	R:ARG:160	0.285
A:GLN:333	R:GLN:243	0.070
A:PHE:336	R:THR:151	0.470
A:ARG:349	R:SER:79	0.275
A:CYS:351	R:GLN:321	0.015
A:GLY:352	R:THR:81	0.010
A:SER:314	R:GLN:321	0.050
B:ASN:313	R:LEU:334	0.120
A:SER:29	R:ARG:160	0.485
A:ASP:26	R:THR:158	0.015
A:GLU:318	R:LYS:248	0.285
A:LEU:353	R:GLN:321	0.350
A:ASN:316	R:GLN:321	0.470
A:GLY:352	R:ARG:143	0.990
A:TYR:354	R:GLN:321	0.170
A:ASN:346	R:GLN:321	0.005
B:PHE:335	R:ALA:77	0.205
B:GLY:310	R:LYS:75	0.150
A:ALA:345	R:ASN:246	0.130
A:GLN:333	R:ALA:244	0.005
A:ASN:347	R:MET:80	0.120
A:LYS:24	R:ARG:160	0.280
A:ASP:26	R:GLN:157	0.100
A:SER:314	R:LYS:329	0.035
A:ASP:337	R:GLN:245	0.315
A:ARG:349	R:TYR:326	0.540
A:LEU:348	R:ILE:147	0.110
A:TYR:320	R:ASN:246	0.020
A:ALA:31	R:GLN:157	0.300
A:LEU:353	R:ARG:143	0.575
A:ILE:344	R:SER:146	0.365
A:ILE:344	R:ASN:246	0.150
B:PHE:335	R:LYS:75	0.235
A:PRO:315	R:SER:247	0.345
A:ASP:33	R:GLN:157	0.020
A:PRO:315	R:LYS:329	0.005
B:ASN:313	R:TRP:335	0.190
A:GLY:350	R:ILE:139	0.020
A:LEU:348	R:ILE:139	0.005
A:LEU:353	R:GLY:320	0.205
A:LEU:353	R:LYS:251	0.145
A:ASN:347	R:ASP:142	0.015
A:ARG:349	R:THR:81	0.310
A:GLY:350	R:ALA:317	0.085
A:LEU:348	R:LYS:248	0.170
A:ILE:344	R:GLN:321	0.005
A:LYS:311	R:LYS:248	0.005
A:LEU:195	R:MET:155	0.050
A:SER:310	R:SER:247	0.020
A:ILE:344	R:LYS:248	0.155
A:PRO:315	R:LYS:248	0.570
A:ASP:33	R:HIS:154	0.015
A:ALA:338	R:GLN:245	0.015
A:ASN:194	R:MET:155	0.485
A:LEU:353	R:ILE:319	0.755
A:HIS:322	R:GLN:245	0.020
A:ALA:30	R:GLN:157	0.055
A:ASN:194	R:LYS:152	0.120
A:SER:29	R:LYS:159	0.015
A:LEU:348	R:ASP:142	0.275
A:LEU:348	R:ARG:249	0.010
A:GLY:350	R:GLN:321	0.005
A:VAL:334	R:GLN:245	0.235
B:SER:334	R:ALA:77	0.010
A:PRO:315	R:ARG:324	0.070
A:ILE:344	R:ILE:147	0.520
A:PRO:315	R:ASN:325	0.235
A:GLY:350	R:GLY:320	0.025
B:ASP:312	R:TRP:335	0.665
A:VAL:339	R:HIS:154	0.015
A:LEU:353	R:ALA:252	0.585
A:VAL:34	R:HIS:154	0.025
B:SER:334	R:LYS:75	0.005
A:ASN:316	R:ASN:325	0.315
B:ASN:313	R:LYS:76	0.580
A:ASP:341	R:ASN:246	0.805
A:SER:29	R:GLN:157	0.835
A:SER:314	R:ASN:325	0.595
A:CYS:351	R:GLY:320	0.725
A:LEU:195	R:HIS:154	0.310
A:ALA:31	R:HIS:154	0.415
A:ARG:349	R:LYS:76	0.015
A:GLY:352	R:ALA:252	0.205
A:GLU:25	R:GLN:157	0.090
A:ILE:28	R:ARG:160	0.360
A:LEU:348	R:ASN:246	0.045
A:ASN:316	R:LYS:248	0.060
A:ARG:349	R:TYR:74	0.540
A:TYR:354	R:ILE:319	0.850
B:SER:334	R:LYS:76	0.005
B:ASN:313	R:LYS:75	0.090
A:TYR:320	R:SER:247	0.005
A:ALA:345	R:GLN:321	0.595
A:GLU:25	R:THR:158	0.205
B:LEU:55	R:ALA:77	0.005
A:TYR:354	R:GLY:320	0.100
B:PHE:335	R:LYS:76	0.245
A:LYS:32	R:GLN:157	0.335
A:ILE:344	R:ALA:244	0.020
A:TYR:354	R:ARG:324	0.805
A:GLY:27	R:GLN:157	0.015
A:CYS:351	R:ILE:319	0.375
A:LEU:195	R:ALA:150	0.005
B:ASP:333	R:LYS:76	0.445
A:ARG:349	R:GLY:320	0.575
A:ASN:347	R:ILE:147	0.005
A:CYS:321	R:GLN:245	0.135
B:PHE:292	R:LYS:75	0.005
A:GLU:309	R:GLN:245	0.370
A:ASN:316	R:SER:247	0.010
A:TYR:354	R:ALA:252	0.025
A:ASN:330	R:GLN:245	0.005
A:LEU:348	R:SER:79	0.005
B:PHE:292	R:LEU:334	0.410
A:TYR:354	R:LYS:248	0.485
A:ALA:30	R:HIS:154	0.040
A:ALA:30	R:LYS:159	0.005
A:ARG:349	R:ASP:82	0.070
A:ILE:343	R:SER:146	0.180
A:THR:340	R:THR:151	0.065
A:GLN:305	R:GLN:245	0.005
