""	"Group"	"Codon_freq"	"Foreground_Species"	"Background_Species"	"ω_value_M0"	"lnL_M0"	"np_M0"	"ω_value_branch_neutral_foreground"	"ω_value_branch_neutral_background"	"lnL_bneutral"	"np_bneutral"	"ω_value_branchfree_foreground"	"ω_value_branchfree_background"	"lnL_bfree"	"np_bfree"	"pvalm0_bfree"	"pavalbne_bfree"	"adjusted_pvalm0_bfree"	"adjusted_pavalbne_bfree"
"223"	"Carnivora"	"F1x4"	"Acinonyx_jubatus"	"Suricata_suricatta,Hyaena_hyaena,Puma_concolor,Puma_yagouaroundi,Lynx_rufus,Lynx_canadensis,Prionailurus_bengalensis,Prionailurus_viverrinus,Felis_catus,Leopardus_geoffroyi,Neofelis_nebulosa,Panthera_tigris,Panthera_leo,Panthera_pardus,Panthera_uncia,Nyctereutes_procyonoides,Vulpes_vulpes,Vulpes_lagopus,Canis_lupus,Lutra_lutra,Enhydra_lutris,Lontra_canadensis,Mustela_putorius,Mustela_erminea,Neogale_vison,Meles_meles,Odobenus_rosmarus,Callorhinus_ursinus,Eumetopias_jubatus,Zalophus_californianus,Halichoerus_grypus,Phoca_vitulina,Leptonychotes_weddellii,Mirounga_leonina,Mirounga_angustirostris,Neomonachus_schauinslandi,Ailuropoda_melanoleuca,Ursus_thibetanus,Ursus_americanus,Ursus_arctos,Ursus_maritimus"	0.27833	-4817.604517	83	1	0.27915	-4818.335497	83	1e-04	0.27913	-4817.065978	84	0.29935214814402	0.11106243517554	0.644715731160604	0.190660213487762
"224"	"Carnivora"	"F3x4"	"Acinonyx_jubatus"	"Suricata_suricatta,Hyaena_hyaena,Puma_concolor,Puma_yagouaroundi,Lynx_rufus,Lynx_canadensis,Prionailurus_bengalensis,Prionailurus_viverrinus,Felis_catus,Leopardus_geoffroyi,Neofelis_nebulosa,Panthera_tigris,Panthera_leo,Panthera_pardus,Panthera_uncia,Nyctereutes_procyonoides,Vulpes_vulpes,Vulpes_lagopus,Canis_lupus,Lutra_lutra,Enhydra_lutris,Lontra_canadensis,Mustela_putorius,Mustela_erminea,Neogale_vison,Meles_meles,Odobenus_rosmarus,Callorhinus_ursinus,Eumetopias_jubatus,Zalophus_californianus,Halichoerus_grypus,Phoca_vitulina,Leptonychotes_weddellii,Mirounga_leonina,Mirounga_angustirostris,Neomonachus_schauinslandi,Ailuropoda_melanoleuca,Ursus_thibetanus,Ursus_americanus,Ursus_arctos,Ursus_maritimus"	0.16621	-4757.145865	83	1	0.16671	-4758.27922	83	1e-04	0.1667	-4756.599684	84	0.295948458011442	0.066835721894902	0.644715731160604	0.1363445983694
"225"	"Carnivora"	"F1x4"	"Ailuropoda_melanoleuca"	"Suricata_suricatta,Hyaena_hyaena,Acinonyx_jubatus,Puma_concolor,Puma_yagouaroundi,Lynx_rufus,Lynx_canadensis,Prionailurus_bengalensis,Prionailurus_viverrinus,Felis_catus,Leopardus_geoffroyi,Neofelis_nebulosa,Panthera_tigris,Panthera_leo,Panthera_pardus,Panthera_uncia,Nyctereutes_procyonoides,Vulpes_vulpes,Vulpes_lagopus,Canis_lupus,Lutra_lutra,Enhydra_lutris,Lontra_canadensis,Mustela_putorius,Mustela_erminea,Neogale_vison,Meles_meles,Odobenus_rosmarus,Callorhinus_ursinus,Eumetopias_jubatus,Zalophus_californianus,Halichoerus_grypus,Phoca_vitulina,Leptonychotes_weddellii,Mirounga_leonina,Mirounga_angustirostris,Neomonachus_schauinslandi,Ursus_thibetanus,Ursus_americanus,Ursus_arctos,Ursus_maritimus"	0.27833	-4817.604517	83	1	0.2697	-4814.587353	83	1.91185	0.26918	-4814.326807	84	0.010456515493859	0.470376237273707	0.292782433828052	0.637283934370829
"226"	"Carnivora"	"F3x4"	"Ailuropoda_melanoleuca"	"Suricata_suricatta,Hyaena_hyaena,Acinonyx_jubatus,Puma_concolor,Puma_yagouaroundi,Lynx_rufus,Lynx_canadensis,Prionailurus_bengalensis,Prionailurus_viverrinus,Felis_catus,Leopardus_geoffroyi,Neofelis_nebulosa,Panthera_tigris,Panthera_leo,Panthera_pardus,Panthera_uncia,Nyctereutes_procyonoides,Vulpes_vulpes,Vulpes_lagopus,Canis_lupus,Lutra_lutra,Enhydra_lutris,Lontra_canadensis,Mustela_putorius,Mustela_erminea,Neogale_vison,Meles_meles,Odobenus_rosmarus,Callorhinus_ursinus,Eumetopias_jubatus,Zalophus_californianus,Halichoerus_grypus,Phoca_vitulina,Leptonychotes_weddellii,Mirounga_leonina,Mirounga_angustirostris,Neomonachus_schauinslandi,Ursus_thibetanus,Ursus_americanus,Ursus_arctos,Ursus_maritimus"	0.16621	-4757.145865	83	1	0.1614	-4755.439059	83	0.56711	0.16188	-4755.188383	84	0.047858040362794	0.478906666768997	0.40200753904747	0.638542222358663
"227"	"Carnivora"	"F1x4"	"Callorhinus_ursinus"	"Suricata_suricatta,Hyaena_hyaena,Acinonyx_jubatus,Puma_concolor,Puma_yagouaroundi,Lynx_rufus,Lynx_canadensis,Prionailurus_bengalensis,Prionailurus_viverrinus,Felis_catus,Leopardus_geoffroyi,Neofelis_nebulosa,Panthera_tigris,Panthera_leo,Panthera_pardus,Panthera_uncia,Nyctereutes_procyonoides,Vulpes_vulpes,Vulpes_lagopus,Canis_lupus,Lutra_lutra,Enhydra_lutris,Lontra_canadensis,Mustela_putorius,Mustela_erminea,Neogale_vison,Meles_meles,Odobenus_rosmarus,Eumetopias_jubatus,Zalophus_californianus,Halichoerus_grypus,Phoca_vitulina,Leptonychotes_weddellii,Mirounga_leonina,Mirounga_angustirostris,Neomonachus_schauinslandi,Ailuropoda_melanoleuca,Ursus_thibetanus,Ursus_americanus,Ursus_arctos,Ursus_maritimus"	0.27833	-4817.604517	83	1	0.27962	-4819.224664	83	0.13111	0.27959	-4817.368136	84	0.49171925609461	0.053988458487294	0.772634405199714	0.129572300369506
"228"	"Carnivora"	"F3x4"	"Callorhinus_ursinus"	"Suricata_suricatta,Hyaena_hyaena,Acinonyx_jubatus,Puma_concolor,Puma_yagouaroundi,Lynx_rufus,Lynx_canadensis,Prionailurus_bengalensis,Prionailurus_viverrinus,Felis_catus,Leopardus_geoffroyi,Neofelis_nebulosa,Panthera_tigris,Panthera_leo,Panthera_pardus,Panthera_uncia,Nyctereutes_procyonoides,Vulpes_vulpes,Vulpes_lagopus,Canis_lupus,Lutra_lutra,Enhydra_lutris,Lontra_canadensis,Mustela_putorius,Mustela_erminea,Neogale_vison,Meles_meles,Odobenus_rosmarus,Eumetopias_jubatus,Zalophus_californianus,Halichoerus_grypus,Phoca_vitulina,Leptonychotes_weddellii,Mirounga_leonina,Mirounga_angustirostris,Neomonachus_schauinslandi,Ailuropoda_melanoleuca,Ursus_thibetanus,Ursus_americanus,Ursus_arctos,Ursus_maritimus"	0.16621	-4757.145865	83	1	0.16683	-4759.604982	83	0.08985	0.16682	-4756.990463	84	0.577187237425442	0.022212814680345	0.850591718311178	0.076080013583706
"229"	"Carnivora"	"F1x4"	"Canis_lupus"	"Suricata_suricatta,Hyaena_hyaena,Acinonyx_jubatus,Puma_concolor,Puma_yagouaroundi,Lynx_rufus,Lynx_canadensis,Prionailurus_bengalensis,Prionailurus_viverrinus,Felis_catus,Leopardus_geoffroyi,Neofelis_nebulosa,Panthera_tigris,Panthera_leo,Panthera_pardus,Panthera_uncia,Nyctereutes_procyonoides,Vulpes_vulpes,Vulpes_lagopus,Lutra_lutra,Enhydra_lutris,Lontra_canadensis,Mustela_putorius,Mustela_erminea,Neogale_vison,Meles_meles,Odobenus_rosmarus,Callorhinus_ursinus,Eumetopias_jubatus,Zalophus_californianus,Halichoerus_grypus,Phoca_vitulina,Leptonychotes_weddellii,Mirounga_leonina,Mirounga_angustirostris,Neomonachus_schauinslandi,Ailuropoda_melanoleuca,Ursus_thibetanus,Ursus_americanus,Ursus_arctos,Ursus_maritimus"	0.27833	-4817.604517	83	1	0.27986	-4820.045098	83	0.16021	0.28004	-4817.37352	84	0.496693546199816	0.020803776365742	0.772634405199714	0.0759790093357534
"230"	"Carnivora"	"F3x4"	"Canis_lupus"	"Suricata_suricatta,Hyaena_hyaena,Acinonyx_jubatus,Puma_concolor,Puma_yagouaroundi,Lynx_rufus,Lynx_canadensis,Prionailurus_bengalensis,Prionailurus_viverrinus,Felis_catus,Leopardus_geoffroyi,Neofelis_nebulosa,Panthera_tigris,Panthera_leo,Panthera_pardus,Panthera_uncia,Nyctereutes_procyonoides,Vulpes_vulpes,Vulpes_lagopus,Lutra_lutra,Enhydra_lutris,Lontra_canadensis,Mustela_putorius,Mustela_erminea,Neogale_vison,Meles_meles,Odobenus_rosmarus,Callorhinus_ursinus,Eumetopias_jubatus,Zalophus_californianus,Halichoerus_grypus,Phoca_vitulina,Leptonychotes_weddellii,Mirounga_leonina,Mirounga_angustirostris,Neomonachus_schauinslandi,Ailuropoda_melanoleuca,Ursus_thibetanus,Ursus_americanus,Ursus_arctos,Ursus_maritimus"	0.16621	-4757.145865	83	1	0.16625	-4760.416403	83	0.12017	0.16679	-4757.069193	84	0.695359977706959	0.009671512684788	0.990004036057365	0.0493778975424049
"231"	"Carnivora"	"F1x4"	"Enhydra_lutris"	"Suricata_suricatta,Hyaena_hyaena,Acinonyx_jubatus,Puma_concolor,Puma_yagouaroundi,Lynx_rufus,Lynx_canadensis,Prionailurus_bengalensis,Prionailurus_viverrinus,Felis_catus,Leopardus_geoffroyi,Neofelis_nebulosa,Panthera_tigris,Panthera_leo,Panthera_pardus,Panthera_uncia,Nyctereutes_procyonoides,Vulpes_vulpes,Vulpes_lagopus,Canis_lupus,Lutra_lutra,Lontra_canadensis,Mustela_putorius,Mustela_erminea,Neogale_vison,Meles_meles,Odobenus_rosmarus,Callorhinus_ursinus,Eumetopias_jubatus,Zalophus_californianus,Halichoerus_grypus,Phoca_vitulina,Leptonychotes_weddellii,Mirounga_leonina,Mirounga_angustirostris,Neomonachus_schauinslandi,Ailuropoda_melanoleuca,Ursus_thibetanus,Ursus_americanus,Ursus_arctos,Ursus_maritimus"	0.27833	-4817.604517	83	1	0.27855	-4820.0504	83	0.27165	0.27847	-4817.603649	84	0.966765489957741	0.026957951348748	1	0.0780851004584425
"232"	"Carnivora"	"F3x4"	"Enhydra_lutris"	"Suricata_suricatta,Hyaena_hyaena,Acinonyx_jubatus,Puma_concolor,Puma_yagouaroundi,Lynx_rufus,Lynx_canadensis,Prionailurus_bengalensis,Prionailurus_viverrinus,Felis_catus,Leopardus_geoffroyi,Neofelis_nebulosa,Panthera_tigris,Panthera_leo,Panthera_pardus,Panthera_uncia,Nyctereutes_procyonoides,Vulpes_vulpes,Vulpes_lagopus,Canis_lupus,Lutra_lutra,Lontra_canadensis,Mustela_putorius,Mustela_erminea,Neogale_vison,Meles_meles,Odobenus_rosmarus,Callorhinus_ursinus,Eumetopias_jubatus,Zalophus_californianus,Halichoerus_grypus,Phoca_vitulina,Leptonychotes_weddellii,Mirounga_leonina,Mirounga_angustirostris,Neomonachus_schauinslandi,Ailuropoda_melanoleuca,Ursus_thibetanus,Ursus_americanus,Ursus_arctos,Ursus_maritimus"	0.16621	-4757.145865	83	1	0.16602	-4761.377166	83	0.17402	0.16605	-4757.142799	84	0.937583779525426	0.003613028042328	1	0.025291196296296
"233"	"Carnivora"	"F1x4"	"Eumetopias_jubatus"	"Suricata_suricatta,Hyaena_hyaena,Acinonyx_jubatus,Puma_concolor,Puma_yagouaroundi,Lynx_rufus,Lynx_canadensis,Prionailurus_bengalensis,Prionailurus_viverrinus,Felis_catus,Leopardus_geoffroyi,Neofelis_nebulosa,Panthera_tigris,Panthera_leo,Panthera_pardus,Panthera_uncia,Nyctereutes_procyonoides,Vulpes_vulpes,Vulpes_lagopus,Canis_lupus,Lutra_lutra,Enhydra_lutris,Lontra_canadensis,Mustela_putorius,Mustela_erminea,Neogale_vison,Meles_meles,Odobenus_rosmarus,Callorhinus_ursinus,Zalophus_californianus,Halichoerus_grypus,Phoca_vitulina,Leptonychotes_weddellii,Mirounga_leonina,Mirounga_angustirostris,Neomonachus_schauinslandi,Ailuropoda_melanoleuca,Ursus_thibetanus,Ursus_americanus,Ursus_arctos,Ursus_maritimus"	0.27833	-4817.604517	83	1	0.27913	-4818.325769	83	1e-04	0.27912	-4817.073288	84	0.302655240957496	0.113488222314144	0.644715731160604	0.190660213487762
"234"	"Carnivora"	"F3x4"	"Eumetopias_jubatus"	"Suricata_suricatta,Hyaena_hyaena,Acinonyx_jubatus,Puma_concolor,Puma_yagouaroundi,Lynx_rufus,Lynx_canadensis,Prionailurus_bengalensis,Prionailurus_viverrinus,Felis_catus,Leopardus_geoffroyi,Neofelis_nebulosa,Panthera_tigris,Panthera_leo,Panthera_pardus,Panthera_uncia,Nyctereutes_procyonoides,Vulpes_vulpes,Vulpes_lagopus,Canis_lupus,Lutra_lutra,Enhydra_lutris,Lontra_canadensis,Mustela_putorius,Mustela_erminea,Neogale_vison,Meles_meles,Odobenus_rosmarus,Callorhinus_ursinus,Zalophus_californianus,Halichoerus_grypus,Phoca_vitulina,Leptonychotes_weddellii,Mirounga_leonina,Mirounga_angustirostris,Neomonachus_schauinslandi,Ailuropoda_melanoleuca,Ursus_thibetanus,Ursus_americanus,Ursus_arctos,Ursus_maritimus"	0.16621	-4757.145865	83	1	0.16665	-4758.198312	83	1e-04	0.16664	-4756.673163	84	0.330891935219512	0.080722330199921	0.644715731160604	0.154106266745304
"235"	"Carnivora"	"F1x4"	"Felis_catus"	"Suricata_suricatta,Hyaena_hyaena,Acinonyx_jubatus,Puma_concolor,Puma_yagouaroundi,Lynx_rufus,Lynx_canadensis,Prionailurus_bengalensis,Prionailurus_viverrinus,Leopardus_geoffroyi,Neofelis_nebulosa,Panthera_tigris,Panthera_leo,Panthera_pardus,Panthera_uncia,Nyctereutes_procyonoides,Vulpes_vulpes,Vulpes_lagopus,Canis_lupus,Lutra_lutra,Enhydra_lutris,Lontra_canadensis,Mustela_putorius,Mustela_erminea,Neogale_vison,Meles_meles,Odobenus_rosmarus,Callorhinus_ursinus,Eumetopias_jubatus,Zalophus_californianus,Halichoerus_grypus,Phoca_vitulina,Leptonychotes_weddellii,Mirounga_leonina,Mirounga_angustirostris,Neomonachus_schauinslandi,Ailuropoda_melanoleuca,Ursus_thibetanus,Ursus_americanus,Ursus_arctos,Ursus_maritimus"	0.27833	-4817.604517	83	1	0.27721	-4817.055715	83	999	0.27722	-4816.725653	84	0.18490815718705	0.416516170031677	0.644715731160604	0.583122638044348
"236"	"Carnivora"	"F3x4"	"Felis_catus"	"Suricata_suricatta,Hyaena_hyaena,Acinonyx_jubatus,Puma_concolor,Puma_yagouaroundi,Lynx_rufus,Lynx_canadensis,Prionailurus_bengalensis,Prionailurus_viverrinus,Leopardus_geoffroyi,Neofelis_nebulosa,Panthera_tigris,Panthera_leo,Panthera_pardus,Panthera_uncia,Nyctereutes_procyonoides,Vulpes_vulpes,Vulpes_lagopus,Canis_lupus,Lutra_lutra,Enhydra_lutris,Lontra_canadensis,Mustela_putorius,Mustela_erminea,Neogale_vison,Meles_meles,Odobenus_rosmarus,Callorhinus_ursinus,Eumetopias_jubatus,Zalophus_californianus,Halichoerus_grypus,Phoca_vitulina,Leptonychotes_weddellii,Mirounga_leonina,Mirounga_angustirostris,Neomonachus_schauinslandi,Ailuropoda_melanoleuca,Ursus_thibetanus,Ursus_americanus,Ursus_arctos,Ursus_maritimus"	0.16621	-4757.145865	83	1	0.16553	-4756.484625	83	999	0.16553	-4756.27833	84	0.187764704644259	0.520657842389866	0.644715731160604	0.652765056130578
"237"	"Carnivora"	"F1x4"	"Halichoerus_grypus"	"Suricata_suricatta,Hyaena_hyaena,Acinonyx_jubatus,Puma_concolor,Puma_yagouaroundi,Lynx_rufus,Lynx_canadensis,Prionailurus_bengalensis,Prionailurus_viverrinus,Felis_catus,Leopardus_geoffroyi,Neofelis_nebulosa,Panthera_tigris,Panthera_leo,Panthera_pardus,Panthera_uncia,Nyctereutes_procyonoides,Vulpes_vulpes,Vulpes_lagopus,Canis_lupus,Lutra_lutra,Enhydra_lutris,Lontra_canadensis,Mustela_putorius,Mustela_erminea,Neogale_vison,Meles_meles,Odobenus_rosmarus,Callorhinus_ursinus,Eumetopias_jubatus,Zalophus_californianus,Phoca_vitulina,Leptonychotes_weddellii,Mirounga_leonina,Mirounga_angustirostris,Neomonachus_schauinslandi,Ailuropoda_melanoleuca,Ursus_thibetanus,Ursus_americanus,Ursus_arctos,Ursus_maritimus"	0.27833	-4817.604517	83	1	0.27833	-4817.604732	83	1e-04	0.27833	-4817.604261	84	0.981947473844635	0.975515156490732	1	1
"238"	"Carnivora"	"F3x4"	"Halichoerus_grypus"	"Suricata_suricatta,Hyaena_hyaena,Acinonyx_jubatus,Puma_concolor,Puma_yagouaroundi,Lynx_rufus,Lynx_canadensis,Prionailurus_bengalensis,Prionailurus_viverrinus,Felis_catus,Leopardus_geoffroyi,Neofelis_nebulosa,Panthera_tigris,Panthera_leo,Panthera_pardus,Panthera_uncia,Nyctereutes_procyonoides,Vulpes_vulpes,Vulpes_lagopus,Canis_lupus,Lutra_lutra,Enhydra_lutris,Lontra_canadensis,Mustela_putorius,Mustela_erminea,Neogale_vison,Meles_meles,Odobenus_rosmarus,Callorhinus_ursinus,Eumetopias_jubatus,Zalophus_californianus,Phoca_vitulina,Leptonychotes_weddellii,Mirounga_leonina,Mirounga_angustirostris,Neomonachus_schauinslandi,Ailuropoda_melanoleuca,Ursus_thibetanus,Ursus_americanus,Ursus_arctos,Ursus_maritimus"	0.16621	-4757.145865	83	1	0.16621	-4757.14596	83	1e-04	0.16621	-4757.145763	84	0.988604316485815	0.984163483638725	1	1
"239"	"Carnivora"	"F1x4"	"Hyaena_hyaena"	"Suricata_suricatta,Acinonyx_jubatus,Puma_concolor,Puma_yagouaroundi,Lynx_rufus,Lynx_canadensis,Prionailurus_bengalensis,Prionailurus_viverrinus,Felis_catus,Leopardus_geoffroyi,Neofelis_nebulosa,Panthera_tigris,Panthera_leo,Panthera_pardus,Panthera_uncia,Nyctereutes_procyonoides,Vulpes_vulpes,Vulpes_lagopus,Canis_lupus,Lutra_lutra,Enhydra_lutris,Lontra_canadensis,Mustela_putorius,Mustela_erminea,Neogale_vison,Meles_meles,Odobenus_rosmarus,Callorhinus_ursinus,Eumetopias_jubatus,Zalophus_californianus,Halichoerus_grypus,Phoca_vitulina,Leptonychotes_weddellii,Mirounga_leonina,Mirounga_angustirostris,Neomonachus_schauinslandi,Ailuropoda_melanoleuca,Ursus_thibetanus,Ursus_americanus,Ursus_arctos,Ursus_maritimus"	0.27833	-4817.604517	83	1	0.26412	-4815.162495	83	0.72215	0.26491	-4814.92273	84	0.020561593069342	0.488635284457674	0.40200753904747	0.641333810850697
"240"	"Carnivora"	"F3x4"	"Hyaena_hyaena"	"Suricata_suricatta,Acinonyx_jubatus,Puma_concolor,Puma_yagouaroundi,Lynx_rufus,Lynx_canadensis,Prionailurus_bengalensis,Prionailurus_viverrinus,Felis_catus,Leopardus_geoffroyi,Neofelis_nebulosa,Panthera_tigris,Panthera_leo,Panthera_pardus,Panthera_uncia,Nyctereutes_procyonoides,Vulpes_vulpes,Vulpes_lagopus,Canis_lupus,Lutra_lutra,Enhydra_lutris,Lontra_canadensis,Mustela_putorius,Mustela_erminea,Neogale_vison,Meles_meles,Odobenus_rosmarus,Callorhinus_ursinus,Eumetopias_jubatus,Zalophus_californianus,Halichoerus_grypus,Phoca_vitulina,Leptonychotes_weddellii,Mirounga_leonina,Mirounga_angustirostris,Neomonachus_schauinslandi,Ailuropoda_melanoleuca,Ursus_thibetanus,Ursus_americanus,Ursus_arctos,Ursus_maritimus"	0.16621	-4757.145865	83	1	0.15751	-4757.827978	83	0.34212	0.15968	-4755.541505	84	0.073246763936526	0.032480662810702	0.512727347555682	0.0880121185838377
"241"	"Carnivora"	"F1x4"	"Leopardus_geoffroyi"	"Suricata_suricatta,Hyaena_hyaena,Acinonyx_jubatus,Puma_concolor,Puma_yagouaroundi,Lynx_rufus,Lynx_canadensis,Prionailurus_bengalensis,Prionailurus_viverrinus,Felis_catus,Neofelis_nebulosa,Panthera_tigris,Panthera_leo,Panthera_pardus,Panthera_uncia,Nyctereutes_procyonoides,Vulpes_vulpes,Vulpes_lagopus,Canis_lupus,Lutra_lutra,Enhydra_lutris,Lontra_canadensis,Mustela_putorius,Mustela_erminea,Neogale_vison,Meles_meles,Odobenus_rosmarus,Callorhinus_ursinus,Eumetopias_jubatus,Zalophus_californianus,Halichoerus_grypus,Phoca_vitulina,Leptonychotes_weddellii,Mirounga_leonina,Mirounga_angustirostris,Neomonachus_schauinslandi,Ailuropoda_melanoleuca,Ursus_thibetanus,Ursus_americanus,Ursus_arctos,Ursus_maritimus"	0.27833	-4817.604517	83	1	0.28079	-4819.811828	83	1e-04	0.28099	-4815.866439	84	0.062259206793653	0.0049687486737	0.475433942787896	0.0298124920422
"242"	"Carnivora"	"F3x4"	"Leopardus_geoffroyi"	"Suricata_suricatta,Hyaena_hyaena,Acinonyx_jubatus,Puma_concolor,Puma_yagouaroundi,Lynx_rufus,Lynx_canadensis,Prionailurus_bengalensis,Prionailurus_viverrinus,Felis_catus,Neofelis_nebulosa,Panthera_tigris,Panthera_leo,Panthera_pardus,Panthera_uncia,Nyctereutes_procyonoides,Vulpes_vulpes,Vulpes_lagopus,Canis_lupus,Lutra_lutra,Enhydra_lutris,Lontra_canadensis,Mustela_putorius,Mustela_erminea,Neogale_vison,Meles_meles,Odobenus_rosmarus,Callorhinus_ursinus,Eumetopias_jubatus,Zalophus_californianus,Halichoerus_grypus,Phoca_vitulina,Leptonychotes_weddellii,Mirounga_leonina,Mirounga_angustirostris,Neomonachus_schauinslandi,Ailuropoda_melanoleuca,Ursus_thibetanus,Ursus_americanus,Ursus_arctos,Ursus_maritimus"	0.16621	-4757.145865	83	1	0.1677	-4760.845946	83	1e-04	0.16834	-4755.032089	84	0.039772766002149	0.000649763622397	0.40200753904747	0.00606446047570533
"243"	"Carnivora"	"F1x4"	"Leptonychotes_weddellii"	"Suricata_suricatta,Hyaena_hyaena,Acinonyx_jubatus,Puma_concolor,Puma_yagouaroundi,Lynx_rufus,Lynx_canadensis,Prionailurus_bengalensis,Prionailurus_viverrinus,Felis_catus,Leopardus_geoffroyi,Neofelis_nebulosa,Panthera_tigris,Panthera_leo,Panthera_pardus,Panthera_uncia,Nyctereutes_procyonoides,Vulpes_vulpes,Vulpes_lagopus,Canis_lupus,Lutra_lutra,Enhydra_lutris,Lontra_canadensis,Mustela_putorius,Mustela_erminea,Neogale_vison,Meles_meles,Odobenus_rosmarus,Callorhinus_ursinus,Eumetopias_jubatus,Zalophus_californianus,Halichoerus_grypus,Phoca_vitulina,Mirounga_leonina,Mirounga_angustirostris,Neomonachus_schauinslandi,Ailuropoda_melanoleuca,Ursus_thibetanus,Ursus_americanus,Ursus_arctos,Ursus_maritimus"	0.27833	-4817.604517	83	1	0.27697	-4817.278348	83	0.75925	0.27697	-4817.25465	84	0.402873088532431	0.827658013887083	0.705027904931754	0.979201030514295
"244"	"Carnivora"	"F3x4"	"Leptonychotes_weddellii"	"Suricata_suricatta,Hyaena_hyaena,Acinonyx_jubatus,Puma_concolor,Puma_yagouaroundi,Lynx_rufus,Lynx_canadensis,Prionailurus_bengalensis,Prionailurus_viverrinus,Felis_catus,Leopardus_geoffroyi,Neofelis_nebulosa,Panthera_tigris,Panthera_leo,Panthera_pardus,Panthera_uncia,Nyctereutes_procyonoides,Vulpes_vulpes,Vulpes_lagopus,Canis_lupus,Lutra_lutra,Enhydra_lutris,Lontra_canadensis,Mustela_putorius,Mustela_erminea,Neogale_vison,Meles_meles,Odobenus_rosmarus,Callorhinus_ursinus,Eumetopias_jubatus,Zalophus_californianus,Halichoerus_grypus,Phoca_vitulina,Mirounga_leonina,Mirounga_angustirostris,Neomonachus_schauinslandi,Ailuropoda_melanoleuca,Ursus_thibetanus,Ursus_americanus,Ursus_arctos,Ursus_maritimus"	0.16621	-4757.145865	83	1	0.16524	-4756.802493	83	0.52696	0.16525	-4756.6824	84	0.335661935313916	0.624071808047302	0.644715731160604	0.748886169656762
"245"	"Carnivora"	"F1x4"	"Lontra_canadensis"	"Suricata_suricatta,Hyaena_hyaena,Acinonyx_jubatus,Puma_concolor,Puma_yagouaroundi,Lynx_rufus,Lynx_canadensis,Prionailurus_bengalensis,Prionailurus_viverrinus,Felis_catus,Leopardus_geoffroyi,Neofelis_nebulosa,Panthera_tigris,Panthera_leo,Panthera_pardus,Panthera_uncia,Nyctereutes_procyonoides,Vulpes_vulpes,Vulpes_lagopus,Canis_lupus,Lutra_lutra,Enhydra_lutris,Mustela_putorius,Mustela_erminea,Neogale_vison,Meles_meles,Odobenus_rosmarus,Callorhinus_ursinus,Eumetopias_jubatus,Zalophus_californianus,Halichoerus_grypus,Phoca_vitulina,Leptonychotes_weddellii,Mirounga_leonina,Mirounga_angustirostris,Neomonachus_schauinslandi,Ailuropoda_melanoleuca,Ursus_thibetanus,Ursus_americanus,Ursus_arctos,Ursus_maritimus"	0.27833	-4817.604517	83	1	0.28038	-4819.922847	83	0.09614	0.28041	-4817.071474	84	0.301831202222848	0.016938392343904	0.644715731160604	0.0646738616767244
"246"	"Carnivora"	"F3x4"	"Lontra_canadensis"	"Suricata_suricatta,Hyaena_hyaena,Acinonyx_jubatus,Puma_concolor,Puma_yagouaroundi,Lynx_rufus,Lynx_canadensis,Prionailurus_bengalensis,Prionailurus_viverrinus,Felis_catus,Leopardus_geoffroyi,Neofelis_nebulosa,Panthera_tigris,Panthera_leo,Panthera_pardus,Panthera_uncia,Nyctereutes_procyonoides,Vulpes_vulpes,Vulpes_lagopus,Canis_lupus,Lutra_lutra,Enhydra_lutris,Mustela_putorius,Mustela_erminea,Neogale_vison,Meles_meles,Odobenus_rosmarus,Callorhinus_ursinus,Eumetopias_jubatus,Zalophus_californianus,Halichoerus_grypus,Phoca_vitulina,Leptonychotes_weddellii,Mirounga_leonina,Mirounga_angustirostris,Neomonachus_schauinslandi,Ailuropoda_melanoleuca,Ursus_thibetanus,Ursus_americanus,Ursus_arctos,Ursus_maritimus"	0.16621	-4757.145865	83	1	0.16717	-4760.683774	83	0.06081	0.16741	-4756.671928	84	0.330261043315636	0.00461693568773	0.644715731160604	0.0298124920422
"247"	"Carnivora"	"F1x4"	"Lutra_lutra"	"Suricata_suricatta,Hyaena_hyaena,Acinonyx_jubatus,Puma_concolor,Puma_yagouaroundi,Lynx_rufus,Lynx_canadensis,Prionailurus_bengalensis,Prionailurus_viverrinus,Felis_catus,Leopardus_geoffroyi,Neofelis_nebulosa,Panthera_tigris,Panthera_leo,Panthera_pardus,Panthera_uncia,Nyctereutes_procyonoides,Vulpes_vulpes,Vulpes_lagopus,Canis_lupus,Enhydra_lutris,Lontra_canadensis,Mustela_putorius,Mustela_erminea,Neogale_vison,Meles_meles,Odobenus_rosmarus,Callorhinus_ursinus,Eumetopias_jubatus,Zalophus_californianus,Halichoerus_grypus,Phoca_vitulina,Leptonychotes_weddellii,Mirounga_leonina,Mirounga_angustirostris,Neomonachus_schauinslandi,Ailuropoda_melanoleuca,Ursus_thibetanus,Ursus_americanus,Ursus_arctos,Ursus_maritimus"	0.27833	-4817.604517	83	1	0.27848	-4818.688797	83	0.25791	0.27851	-4817.601053	84	0.93366499485606	0.140225029595842	1	0.222243443133033
"248"	"Carnivora"	"F3x4"	"Lutra_lutra"	"Suricata_suricatta,Hyaena_hyaena,Acinonyx_jubatus,Puma_concolor,Puma_yagouaroundi,Lynx_rufus,Lynx_canadensis,Prionailurus_bengalensis,Prionailurus_viverrinus,Felis_catus,Leopardus_geoffroyi,Neofelis_nebulosa,Panthera_tigris,Panthera_leo,Panthera_pardus,Panthera_uncia,Nyctereutes_procyonoides,Vulpes_vulpes,Vulpes_lagopus,Canis_lupus,Enhydra_lutris,Lontra_canadensis,Mustela_putorius,Mustela_erminea,Neogale_vison,Meles_meles,Odobenus_rosmarus,Callorhinus_ursinus,Eumetopias_jubatus,Zalophus_californianus,Halichoerus_grypus,Phoca_vitulina,Leptonychotes_weddellii,Mirounga_leonina,Mirounga_angustirostris,Neomonachus_schauinslandi,Ailuropoda_melanoleuca,Ursus_thibetanus,Ursus_americanus,Ursus_arctos,Ursus_maritimus"	0.16621	-4757.145865	83	1	0.16607	-4758.951903	83	0.16478	0.16622	-4757.145821	84	0.992515289109673	0.057358438276553	1	0.130330699539527
"249"	"Carnivora"	"F1x4"	"Lynx_canadensis"	"Suricata_suricatta,Hyaena_hyaena,Acinonyx_jubatus,Puma_concolor,Puma_yagouaroundi,Lynx_rufus,Prionailurus_bengalensis,Prionailurus_viverrinus,Felis_catus,Leopardus_geoffroyi,Neofelis_nebulosa,Panthera_tigris,Panthera_leo,Panthera_pardus,Panthera_uncia,Nyctereutes_procyonoides,Vulpes_vulpes,Vulpes_lagopus,Canis_lupus,Lutra_lutra,Enhydra_lutris,Lontra_canadensis,Mustela_putorius,Mustela_erminea,Neogale_vison,Meles_meles,Odobenus_rosmarus,Callorhinus_ursinus,Eumetopias_jubatus,Zalophus_californianus,Halichoerus_grypus,Phoca_vitulina,Leptonychotes_weddellii,Mirounga_leonina,Mirounga_angustirostris,Neomonachus_schauinslandi,Ailuropoda_melanoleuca,Ursus_thibetanus,Ursus_americanus,Ursus_arctos,Ursus_maritimus"	0.27833	-4817.604517	83	1	0.27773	-4817.979542	83	0.38793	0.2777	-4817.549554	84	0.740228399469671	0.353745407894863	1	0.521309022160851
"250"	"Carnivora"	"F3x4"	"Lynx_canadensis"	"Suricata_suricatta,Hyaena_hyaena,Acinonyx_jubatus,Puma_concolor,Puma_yagouaroundi,Lynx_rufus,Prionailurus_bengalensis,Prionailurus_viverrinus,Felis_catus,Leopardus_geoffroyi,Neofelis_nebulosa,Panthera_tigris,Panthera_leo,Panthera_pardus,Panthera_uncia,Nyctereutes_procyonoides,Vulpes_vulpes,Vulpes_lagopus,Canis_lupus,Lutra_lutra,Enhydra_lutris,Lontra_canadensis,Mustela_putorius,Mustela_erminea,Neogale_vison,Meles_meles,Odobenus_rosmarus,Callorhinus_ursinus,Eumetopias_jubatus,Zalophus_californianus,Halichoerus_grypus,Phoca_vitulina,Leptonychotes_weddellii,Mirounga_leonina,Mirounga_angustirostris,Neomonachus_schauinslandi,Ailuropoda_melanoleuca,Ursus_thibetanus,Ursus_americanus,Ursus_arctos,Ursus_maritimus"	0.16621	-4757.145865	83	1	0.16584	-4758.081421	83	0.22924	0.16584	-4757.094491	84	0.748556520284718	0.160038740135756	1	0.248949151322287
"251"	"Carnivora"	"F1x4"	"Lynx_rufus"	"Suricata_suricatta,Hyaena_hyaena,Acinonyx_jubatus,Puma_concolor,Puma_yagouaroundi,Lynx_canadensis,Prionailurus_bengalensis,Prionailurus_viverrinus,Felis_catus,Leopardus_geoffroyi,Neofelis_nebulosa,Panthera_tigris,Panthera_leo,Panthera_pardus,Panthera_uncia,Nyctereutes_procyonoides,Vulpes_vulpes,Vulpes_lagopus,Canis_lupus,Lutra_lutra,Enhydra_lutris,Lontra_canadensis,Mustela_putorius,Mustela_erminea,Neogale_vison,Meles_meles,Odobenus_rosmarus,Callorhinus_ursinus,Eumetopias_jubatus,Zalophus_californianus,Halichoerus_grypus,Phoca_vitulina,Leptonychotes_weddellii,Mirounga_leonina,Mirounga_angustirostris,Neomonachus_schauinslandi,Ailuropoda_melanoleuca,Ursus_thibetanus,Ursus_americanus,Ursus_arctos,Ursus_maritimus"	0.27833	-4817.604517	83	1	0.27996	-4819.059435	83	1e-04	0.27993	-4816.523599	84	0.141475558111302	0.024319914981006	0.644715731160604	0.076080013583706
"252"	"Carnivora"	"F3x4"	"Lynx_rufus"	"Suricata_suricatta,Hyaena_hyaena,Acinonyx_jubatus,Puma_concolor,Puma_yagouaroundi,Lynx_canadensis,Prionailurus_bengalensis,Prionailurus_viverrinus,Felis_catus,Leopardus_geoffroyi,Neofelis_nebulosa,Panthera_tigris,Panthera_leo,Panthera_pardus,Panthera_uncia,Nyctereutes_procyonoides,Vulpes_vulpes,Vulpes_lagopus,Canis_lupus,Lutra_lutra,Enhydra_lutris,Lontra_canadensis,Mustela_putorius,Mustela_erminea,Neogale_vison,Meles_meles,Odobenus_rosmarus,Callorhinus_ursinus,Eumetopias_jubatus,Zalophus_californianus,Halichoerus_grypus,Phoca_vitulina,Leptonychotes_weddellii,Mirounga_leonina,Mirounga_angustirostris,Neomonachus_schauinslandi,Ailuropoda_melanoleuca,Ursus_thibetanus,Ursus_americanus,Ursus_arctos,Ursus_maritimus"	0.16621	-4757.145865	83	1	0.16718	-4759.389745	83	1e-04	0.16719	-4756.050498	84	0.138843137226167	0.009758303671833	0.644715731160604	0.0493778975424049
"253"	"Carnivora"	"F1x4"	"Meles_meles"	"Suricata_suricatta,Hyaena_hyaena,Acinonyx_jubatus,Puma_concolor,Puma_yagouaroundi,Lynx_rufus,Lynx_canadensis,Prionailurus_bengalensis,Prionailurus_viverrinus,Felis_catus,Leopardus_geoffroyi,Neofelis_nebulosa,Panthera_tigris,Panthera_leo,Panthera_pardus,Panthera_uncia,Nyctereutes_procyonoides,Vulpes_vulpes,Vulpes_lagopus,Canis_lupus,Lutra_lutra,Enhydra_lutris,Lontra_canadensis,Mustela_putorius,Mustela_erminea,Neogale_vison,Odobenus_rosmarus,Callorhinus_ursinus,Eumetopias_jubatus,Zalophus_californianus,Halichoerus_grypus,Phoca_vitulina,Leptonychotes_weddellii,Mirounga_leonina,Mirounga_angustirostris,Neomonachus_schauinslandi,Ailuropoda_melanoleuca,Ursus_thibetanus,Ursus_americanus,Ursus_arctos,Ursus_maritimus"	0.27833	-4817.604517	83	1	0.27255	-4816.889937	83	0.61029	0.27268	-4816.516605	84	0.140194408795784	0.387534487832103	0.644715731160604	0.551744016574519
"254"	"Carnivora"	"F3x4"	"Meles_meles"	"Suricata_suricatta,Hyaena_hyaena,Acinonyx_jubatus,Puma_concolor,Puma_yagouaroundi,Lynx_rufus,Lynx_canadensis,Prionailurus_bengalensis,Prionailurus_viverrinus,Felis_catus,Leopardus_geoffroyi,Neofelis_nebulosa,Panthera_tigris,Panthera_leo,Panthera_pardus,Panthera_uncia,Nyctereutes_procyonoides,Vulpes_vulpes,Vulpes_lagopus,Canis_lupus,Lutra_lutra,Enhydra_lutris,Lontra_canadensis,Mustela_putorius,Mustela_erminea,Neogale_vison,Odobenus_rosmarus,Callorhinus_ursinus,Eumetopias_jubatus,Zalophus_californianus,Halichoerus_grypus,Phoca_vitulina,Leptonychotes_weddellii,Mirounga_leonina,Mirounga_angustirostris,Neomonachus_schauinslandi,Ailuropoda_melanoleuca,Ursus_thibetanus,Ursus_americanus,Ursus_arctos,Ursus_maritimus"	0.16621	-4757.145865	83	1	0.16294	-4758.503166	83	0.30751	0.16326	-4756.407351	84	0.224240098815243	0.040624019974153	0.644715731160604	0.106638052432152
"255"	"Carnivora"	"F1x4"	"Mirounga_angustirostris"	"Suricata_suricatta,Hyaena_hyaena,Acinonyx_jubatus,Puma_concolor,Puma_yagouaroundi,Lynx_rufus,Lynx_canadensis,Prionailurus_bengalensis,Prionailurus_viverrinus,Felis_catus,Leopardus_geoffroyi,Neofelis_nebulosa,Panthera_tigris,Panthera_leo,Panthera_pardus,Panthera_uncia,Nyctereutes_procyonoides,Vulpes_vulpes,Vulpes_lagopus,Canis_lupus,Lutra_lutra,Enhydra_lutris,Lontra_canadensis,Mustela_putorius,Mustela_erminea,Neogale_vison,Meles_meles,Odobenus_rosmarus,Callorhinus_ursinus,Eumetopias_jubatus,Zalophus_californianus,Halichoerus_grypus,Phoca_vitulina,Leptonychotes_weddellii,Mirounga_leonina,Neomonachus_schauinslandi,Ailuropoda_melanoleuca,Ursus_thibetanus,Ursus_americanus,Ursus_arctos,Ursus_maritimus"	0.27833	-4817.604517	83	1	0.27986	-4819.051793	83	1e-04	0.27991	-4816.537346	84	0.144032254075828	0.024927812254663	0.644715731160604	0.076080013583706
"256"	"Carnivora"	"F3x4"	"Mirounga_angustirostris"	"Suricata_suricatta,Hyaena_hyaena,Acinonyx_jubatus,Puma_concolor,Puma_yagouaroundi,Lynx_rufus,Lynx_canadensis,Prionailurus_bengalensis,Prionailurus_viverrinus,Felis_catus,Leopardus_geoffroyi,Neofelis_nebulosa,Panthera_tigris,Panthera_leo,Panthera_pardus,Panthera_uncia,Nyctereutes_procyonoides,Vulpes_vulpes,Vulpes_lagopus,Canis_lupus,Lutra_lutra,Enhydra_lutris,Lontra_canadensis,Mustela_putorius,Mustela_erminea,Neogale_vison,Meles_meles,Odobenus_rosmarus,Callorhinus_ursinus,Eumetopias_jubatus,Zalophus_californianus,Halichoerus_grypus,Phoca_vitulina,Leptonychotes_weddellii,Mirounga_leonina,Neomonachus_schauinslandi,Ailuropoda_melanoleuca,Ursus_thibetanus,Ursus_americanus,Ursus_arctos,Ursus_maritimus"	0.16621	-4757.145865	83	1	0.16684	-4759.127928	83	1e-04	0.16708	-4756.202784	84	0.169635445852381	0.015574502173636	0.644715731160604	0.062298008694544
"257"	"Carnivora"	"F1x4"	"Mirounga_leonina"	"Suricata_suricatta,Hyaena_hyaena,Acinonyx_jubatus,Puma_concolor,Puma_yagouaroundi,Lynx_rufus,Lynx_canadensis,Prionailurus_bengalensis,Prionailurus_viverrinus,Felis_catus,Leopardus_geoffroyi,Neofelis_nebulosa,Panthera_tigris,Panthera_leo,Panthera_pardus,Panthera_uncia,Nyctereutes_procyonoides,Vulpes_vulpes,Vulpes_lagopus,Canis_lupus,Lutra_lutra,Enhydra_lutris,Lontra_canadensis,Mustela_putorius,Mustela_erminea,Neogale_vison,Meles_meles,Odobenus_rosmarus,Callorhinus_ursinus,Eumetopias_jubatus,Zalophus_californianus,Halichoerus_grypus,Phoca_vitulina,Leptonychotes_weddellii,Mirounga_angustirostris,Neomonachus_schauinslandi,Ailuropoda_melanoleuca,Ursus_thibetanus,Ursus_americanus,Ursus_arctos,Ursus_maritimus"	0.27833	-4817.604517	83	1	0.27833	-4817.604902	83	1e-04	0.27833	-4817.604058	84	0.975828981039827	0.967227911808379	1	1
"258"	"Carnivora"	"F3x4"	"Mirounga_leonina"	"Suricata_suricatta,Hyaena_hyaena,Acinonyx_jubatus,Puma_concolor,Puma_yagouaroundi,Lynx_rufus,Lynx_canadensis,Prionailurus_bengalensis,Prionailurus_viverrinus,Felis_catus,Leopardus_geoffroyi,Neofelis_nebulosa,Panthera_tigris,Panthera_leo,Panthera_pardus,Panthera_uncia,Nyctereutes_procyonoides,Vulpes_vulpes,Vulpes_lagopus,Canis_lupus,Lutra_lutra,Enhydra_lutris,Lontra_canadensis,Mustela_putorius,Mustela_erminea,Neogale_vison,Meles_meles,Odobenus_rosmarus,Callorhinus_ursinus,Eumetopias_jubatus,Zalophus_californianus,Halichoerus_grypus,Phoca_vitulina,Leptonychotes_weddellii,Mirounga_angustirostris,Neomonachus_schauinslandi,Ailuropoda_melanoleuca,Ursus_thibetanus,Ursus_americanus,Ursus_arctos,Ursus_maritimus"	0.16621	-4757.145865	83	1	0.16621	-4757.146254	83	1e-04	0.16621	-4757.14545	84	0.977016348183987	0.968013501205284	1	1
"259"	"Carnivora"	"F1x4"	"Mustela_erminea"	"Suricata_suricatta,Hyaena_hyaena,Acinonyx_jubatus,Puma_concolor,Puma_yagouaroundi,Lynx_rufus,Lynx_canadensis,Prionailurus_bengalensis,Prionailurus_viverrinus,Felis_catus,Leopardus_geoffroyi,Neofelis_nebulosa,Panthera_tigris,Panthera_leo,Panthera_pardus,Panthera_uncia,Nyctereutes_procyonoides,Vulpes_vulpes,Vulpes_lagopus,Canis_lupus,Lutra_lutra,Enhydra_lutris,Lontra_canadensis,Mustela_putorius,Neogale_vison,Meles_meles,Odobenus_rosmarus,Callorhinus_ursinus,Eumetopias_jubatus,Zalophus_californianus,Halichoerus_grypus,Phoca_vitulina,Leptonychotes_weddellii,Mirounga_leonina,Mirounga_angustirostris,Neomonachus_schauinslandi,Ailuropoda_melanoleuca,Ursus_thibetanus,Ursus_americanus,Ursus_arctos,Ursus_maritimus"	0.27833	-4817.604517	83	1	0.28114	-4821.327751	83	0.12996	0.2814	-4817.058826	84	0.29616520511822	0.003478362554524	0.644715731160604	0.025291196296296
"260"	"Carnivora"	"F3x4"	"Mustela_erminea"	"Suricata_suricatta,Hyaena_hyaena,Acinonyx_jubatus,Puma_concolor,Puma_yagouaroundi,Lynx_rufus,Lynx_canadensis,Prionailurus_bengalensis,Prionailurus_viverrinus,Felis_catus,Leopardus_geoffroyi,Neofelis_nebulosa,Panthera_tigris,Panthera_leo,Panthera_pardus,Panthera_uncia,Nyctereutes_procyonoides,Vulpes_vulpes,Vulpes_lagopus,Canis_lupus,Lutra_lutra,Enhydra_lutris,Lontra_canadensis,Mustela_putorius,Neogale_vison,Meles_meles,Odobenus_rosmarus,Callorhinus_ursinus,Eumetopias_jubatus,Zalophus_californianus,Halichoerus_grypus,Phoca_vitulina,Leptonychotes_weddellii,Mirounga_leonina,Mirounga_angustirostris,Neomonachus_schauinslandi,Ailuropoda_melanoleuca,Ursus_thibetanus,Ursus_americanus,Ursus_arctos,Ursus_maritimus"	0.16621	-4757.145865	83	1	0.16777	-4763.218454	83	0.07307	0.16812	-4756.541037	84	0.27140026091256	0.000257757357075	0.644715731160604	0.0027064522492875
"261"	"Carnivora"	"F1x4"	"Mustela_putorius"	"Suricata_suricatta,Hyaena_hyaena,Acinonyx_jubatus,Puma_concolor,Puma_yagouaroundi,Lynx_rufus,Lynx_canadensis,Prionailurus_bengalensis,Prionailurus_viverrinus,Felis_catus,Leopardus_geoffroyi,Neofelis_nebulosa,Panthera_tigris,Panthera_leo,Panthera_pardus,Panthera_uncia,Nyctereutes_procyonoides,Vulpes_vulpes,Vulpes_lagopus,Canis_lupus,Lutra_lutra,Enhydra_lutris,Lontra_canadensis,Mustela_erminea,Neogale_vison,Meles_meles,Odobenus_rosmarus,Callorhinus_ursinus,Eumetopias_jubatus,Zalophus_californianus,Halichoerus_grypus,Phoca_vitulina,Leptonychotes_weddellii,Mirounga_leonina,Mirounga_angustirostris,Neomonachus_schauinslandi,Ailuropoda_melanoleuca,Ursus_thibetanus,Ursus_americanus,Ursus_arctos,Ursus_maritimus"	0.27833	-4817.604517	83	1	0.27961	-4819.619399	83	0.12389	0.28012	-4817.289658	84	0.427458772204127	0.030882507047227	0.732786466635646	0.0864710197322356
"262"	"Carnivora"	"F3x4"	"Mustela_putorius"	"Suricata_suricatta,Hyaena_hyaena,Acinonyx_jubatus,Puma_concolor,Puma_yagouaroundi,Lynx_rufus,Lynx_canadensis,Prionailurus_bengalensis,Prionailurus_viverrinus,Felis_catus,Leopardus_geoffroyi,Neofelis_nebulosa,Panthera_tigris,Panthera_leo,Panthera_pardus,Panthera_uncia,Nyctereutes_procyonoides,Vulpes_vulpes,Vulpes_lagopus,Canis_lupus,Lutra_lutra,Enhydra_lutris,Lontra_canadensis,Mustela_erminea,Neogale_vison,Meles_meles,Odobenus_rosmarus,Callorhinus_ursinus,Eumetopias_jubatus,Zalophus_californianus,Halichoerus_grypus,Phoca_vitulina,Leptonychotes_weddellii,Mirounga_leonina,Mirounga_angustirostris,Neomonachus_schauinslandi,Ailuropoda_melanoleuca,Ursus_thibetanus,Ursus_americanus,Ursus_arctos,Ursus_maritimus"	0.16621	-4757.145865	83	1	0.16653	-4760.123365	83	0.09426	0.16704	-4756.976367	84	0.560409323785778	0.012114761818446	0.840613985678667	0.056535555152748
"263"	"Carnivora"	"F1x4"	"Neofelis_nebulosa"	"Suricata_suricatta,Hyaena_hyaena,Acinonyx_jubatus,Puma_concolor,Puma_yagouaroundi,Lynx_rufus,Lynx_canadensis,Prionailurus_bengalensis,Prionailurus_viverrinus,Felis_catus,Leopardus_geoffroyi,Panthera_tigris,Panthera_leo,Panthera_pardus,Panthera_uncia,Nyctereutes_procyonoides,Vulpes_vulpes,Vulpes_lagopus,Canis_lupus,Lutra_lutra,Enhydra_lutris,Lontra_canadensis,Mustela_putorius,Mustela_erminea,Neogale_vison,Meles_meles,Odobenus_rosmarus,Callorhinus_ursinus,Eumetopias_jubatus,Zalophus_californianus,Halichoerus_grypus,Phoca_vitulina,Leptonychotes_weddellii,Mirounga_leonina,Mirounga_angustirostris,Neomonachus_schauinslandi,Ailuropoda_melanoleuca,Ursus_thibetanus,Ursus_americanus,Ursus_arctos,Ursus_maritimus"	0.27833	-4817.604517	83	1	0.2771	-4818.515339	83	0.33584	0.27757	-4817.569152	84	0.790276851659744	0.16893440084471	1	0.258008903108284
"264"	"Carnivora"	"F3x4"	"Neofelis_nebulosa"	"Suricata_suricatta,Hyaena_hyaena,Acinonyx_jubatus,Puma_concolor,Puma_yagouaroundi,Lynx_rufus,Lynx_canadensis,Prionailurus_bengalensis,Prionailurus_viverrinus,Felis_catus,Leopardus_geoffroyi,Panthera_tigris,Panthera_leo,Panthera_pardus,Panthera_uncia,Nyctereutes_procyonoides,Vulpes_vulpes,Vulpes_lagopus,Canis_lupus,Lutra_lutra,Enhydra_lutris,Lontra_canadensis,Mustela_putorius,Mustela_erminea,Neogale_vison,Meles_meles,Odobenus_rosmarus,Callorhinus_ursinus,Eumetopias_jubatus,Zalophus_californianus,Halichoerus_grypus,Phoca_vitulina,Leptonychotes_weddellii,Mirounga_leonina,Mirounga_angustirostris,Neomonachus_schauinslandi,Ailuropoda_melanoleuca,Ursus_thibetanus,Ursus_americanus,Ursus_arctos,Ursus_maritimus"	0.16621	-4757.145865	83	1	0.16597	-4760.142869	83	0.17641	0.16605	-4757.141979	84	0.929750345481594	0.01429145244802	1	0.0615107513628048
"265"	"Carnivora"	"F1x4"	"Neogale_vison"	"Suricata_suricatta,Hyaena_hyaena,Acinonyx_jubatus,Puma_concolor,Puma_yagouaroundi,Lynx_rufus,Lynx_canadensis,Prionailurus_bengalensis,Prionailurus_viverrinus,Felis_catus,Leopardus_geoffroyi,Neofelis_nebulosa,Panthera_tigris,Panthera_leo,Panthera_pardus,Panthera_uncia,Nyctereutes_procyonoides,Vulpes_vulpes,Vulpes_lagopus,Canis_lupus,Lutra_lutra,Enhydra_lutris,Lontra_canadensis,Mustela_putorius,Mustela_erminea,Meles_meles,Odobenus_rosmarus,Callorhinus_ursinus,Eumetopias_jubatus,Zalophus_californianus,Halichoerus_grypus,Phoca_vitulina,Leptonychotes_weddellii,Mirounga_leonina,Mirounga_angustirostris,Neomonachus_schauinslandi,Ailuropoda_melanoleuca,Ursus_thibetanus,Ursus_americanus,Ursus_arctos,Ursus_maritimus"	0.27833	-4817.604517	83	1	0.2754	-4817.217672	83	0.62041	0.27547	-4817.031884	84	0.28454233878818	0.54214646393615	0.644715731160604	0.663991101228184
"266"	"Carnivora"	"F3x4"	"Neogale_vison"	"Suricata_suricatta,Hyaena_hyaena,Acinonyx_jubatus,Puma_concolor,Puma_yagouaroundi,Lynx_rufus,Lynx_canadensis,Prionailurus_bengalensis,Prionailurus_viverrinus,Felis_catus,Leopardus_geoffroyi,Neofelis_nebulosa,Panthera_tigris,Panthera_leo,Panthera_pardus,Panthera_uncia,Nyctereutes_procyonoides,Vulpes_vulpes,Vulpes_lagopus,Canis_lupus,Lutra_lutra,Enhydra_lutris,Lontra_canadensis,Mustela_putorius,Mustela_erminea,Meles_meles,Odobenus_rosmarus,Callorhinus_ursinus,Eumetopias_jubatus,Zalophus_californianus,Halichoerus_grypus,Phoca_vitulina,Leptonychotes_weddellii,Mirounga_leonina,Mirounga_angustirostris,Neomonachus_schauinslandi,Ailuropoda_melanoleuca,Ursus_thibetanus,Ursus_americanus,Ursus_arctos,Ursus_maritimus"	0.16621	-4757.145865	83	1	0.16452	-4757.520475	83	0.34535	0.16466	-4756.686309	84	0.337708240131745	0.196482098320914	0.644715731160604	0.294723147481371
"267"	"Carnivora"	"F1x4"	"Neomonachus_schauinslandi"	"Suricata_suricatta,Hyaena_hyaena,Acinonyx_jubatus,Puma_concolor,Puma_yagouaroundi,Lynx_rufus,Lynx_canadensis,Prionailurus_bengalensis,Prionailurus_viverrinus,Felis_catus,Leopardus_geoffroyi,Neofelis_nebulosa,Panthera_tigris,Panthera_leo,Panthera_pardus,Panthera_uncia,Nyctereutes_procyonoides,Vulpes_vulpes,Vulpes_lagopus,Canis_lupus,Lutra_lutra,Enhydra_lutris,Lontra_canadensis,Mustela_putorius,Mustela_erminea,Neogale_vison,Meles_meles,Odobenus_rosmarus,Callorhinus_ursinus,Eumetopias_jubatus,Zalophus_californianus,Halichoerus_grypus,Phoca_vitulina,Leptonychotes_weddellii,Mirounga_leonina,Mirounga_angustirostris,Ailuropoda_melanoleuca,Ursus_thibetanus,Ursus_americanus,Ursus_arctos,Ursus_maritimus"	0.27833	-4817.604517	83	1	0.27966	-4819.242919	83	0.13033	0.2796	-4817.363076	84	0.487119781024668	0.05250243714496	0.772634405199714	0.129572300369506
"268"	"Carnivora"	"F3x4"	"Neomonachus_schauinslandi"	"Suricata_suricatta,Hyaena_hyaena,Acinonyx_jubatus,Puma_concolor,Puma_yagouaroundi,Lynx_rufus,Lynx_canadensis,Prionailurus_bengalensis,Prionailurus_viverrinus,Felis_catus,Leopardus_geoffroyi,Neofelis_nebulosa,Panthera_tigris,Panthera_leo,Panthera_pardus,Panthera_uncia,Nyctereutes_procyonoides,Vulpes_vulpes,Vulpes_lagopus,Canis_lupus,Lutra_lutra,Enhydra_lutris,Lontra_canadensis,Mustela_putorius,Mustela_erminea,Neogale_vison,Meles_meles,Odobenus_rosmarus,Callorhinus_ursinus,Eumetopias_jubatus,Zalophus_californianus,Halichoerus_grypus,Phoca_vitulina,Leptonychotes_weddellii,Mirounga_leonina,Mirounga_angustirostris,Ailuropoda_melanoleuca,Ursus_thibetanus,Ursus_americanus,Ursus_arctos,Ursus_maritimus"	0.16621	-4757.145865	83	1	0.1668	-4759.552265	83	0.09304	0.16678	-4757.008072	84	0.599609012572621	0.024086598727083	0.868399259587934	0.076080013583706
"269"	"Carnivora"	"F1x4"	"Nyctereutes_procyonoides"	"Suricata_suricatta,Hyaena_hyaena,Acinonyx_jubatus,Puma_concolor,Puma_yagouaroundi,Lynx_rufus,Lynx_canadensis,Prionailurus_bengalensis,Prionailurus_viverrinus,Felis_catus,Leopardus_geoffroyi,Neofelis_nebulosa,Panthera_tigris,Panthera_leo,Panthera_pardus,Panthera_uncia,Vulpes_vulpes,Vulpes_lagopus,Canis_lupus,Lutra_lutra,Enhydra_lutris,Lontra_canadensis,Mustela_putorius,Mustela_erminea,Neogale_vison,Meles_meles,Odobenus_rosmarus,Callorhinus_ursinus,Eumetopias_jubatus,Zalophus_californianus,Halichoerus_grypus,Phoca_vitulina,Leptonychotes_weddellii,Mirounga_leonina,Mirounga_angustirostris,Neomonachus_schauinslandi,Ailuropoda_melanoleuca,Ursus_thibetanus,Ursus_americanus,Ursus_arctos,Ursus_maritimus"	0.27833	-4817.604517	83	1	0.28556	-4823.969143	83	1e-04	0.28563	-4812.709797	84	0.001755169072313	2.08108692420722e-06	0.147434202074292	5.82704338778022e-05
"270"	"Carnivora"	"F3x4"	"Nyctereutes_procyonoides"	"Suricata_suricatta,Hyaena_hyaena,Acinonyx_jubatus,Puma_concolor,Puma_yagouaroundi,Lynx_rufus,Lynx_canadensis,Prionailurus_bengalensis,Prionailurus_viverrinus,Felis_catus,Leopardus_geoffroyi,Neofelis_nebulosa,Panthera_tigris,Panthera_leo,Panthera_pardus,Panthera_uncia,Vulpes_vulpes,Vulpes_lagopus,Canis_lupus,Lutra_lutra,Enhydra_lutris,Lontra_canadensis,Mustela_putorius,Mustela_erminea,Neogale_vison,Meles_meles,Odobenus_rosmarus,Callorhinus_ursinus,Eumetopias_jubatus,Zalophus_californianus,Halichoerus_grypus,Phoca_vitulina,Leptonychotes_weddellii,Mirounga_leonina,Mirounga_angustirostris,Neomonachus_schauinslandi,Ailuropoda_melanoleuca,Ursus_thibetanus,Ursus_americanus,Ursus_arctos,Ursus_maritimus"	0.16621	-4757.145865	83	1	0.17001	-4766.285328	83	1e-04	0.17017	-4752.913246	84	0.003619978837494	2.32252108235929e-07	0.152039111174748	9.75458854590902e-06
"271"	"Carnivora"	"F1x4"	"Odobenus_rosmarus"	"Suricata_suricatta,Hyaena_hyaena,Acinonyx_jubatus,Puma_concolor,Puma_yagouaroundi,Lynx_rufus,Lynx_canadensis,Prionailurus_bengalensis,Prionailurus_viverrinus,Felis_catus,Leopardus_geoffroyi,Neofelis_nebulosa,Panthera_tigris,Panthera_leo,Panthera_pardus,Panthera_uncia,Nyctereutes_procyonoides,Vulpes_vulpes,Vulpes_lagopus,Canis_lupus,Lutra_lutra,Enhydra_lutris,Lontra_canadensis,Mustela_putorius,Mustela_erminea,Neogale_vison,Meles_meles,Callorhinus_ursinus,Eumetopias_jubatus,Zalophus_californianus,Halichoerus_grypus,Phoca_vitulina,Leptonychotes_weddellii,Mirounga_leonina,Mirounga_angustirostris,Neomonachus_schauinslandi,Ailuropoda_melanoleuca,Ursus_thibetanus,Ursus_americanus,Ursus_arctos,Ursus_maritimus"	0.27833	-4817.604517	83	1	0.28439	-4823.385837	83	0.04359	0.28439	-4815.16464	84	0.027173491644497	5.01509930716665e-05	0.40200753904747	0.000753736856838157
"272"	"Carnivora"	"F3x4"	"Odobenus_rosmarus"	"Suricata_suricatta,Hyaena_hyaena,Acinonyx_jubatus,Puma_concolor,Puma_yagouaroundi,Lynx_rufus,Lynx_canadensis,Prionailurus_bengalensis,Prionailurus_viverrinus,Felis_catus,Leopardus_geoffroyi,Neofelis_nebulosa,Panthera_tigris,Panthera_leo,Panthera_pardus,Panthera_uncia,Nyctereutes_procyonoides,Vulpes_vulpes,Vulpes_lagopus,Canis_lupus,Lutra_lutra,Enhydra_lutris,Lontra_canadensis,Mustela_putorius,Mustela_erminea,Neogale_vison,Meles_meles,Callorhinus_ursinus,Eumetopias_jubatus,Zalophus_californianus,Halichoerus_grypus,Phoca_vitulina,Leptonychotes_weddellii,Mirounga_leonina,Mirounga_angustirostris,Neomonachus_schauinslandi,Ailuropoda_melanoleuca,Ursus_thibetanus,Ursus_americanus,Ursus_arctos,Ursus_maritimus"	0.16621	-4757.145865	83	1	0.16922	-4765.459393	83	0.03057	0.16943	-4755.187804	84	0.047825081419659	5.83011952120018e-06	0.40200753904747	0.000122432509945204
"273"	"Carnivora"	"F1x4"	"Panthera_leo"	"Suricata_suricatta,Hyaena_hyaena,Acinonyx_jubatus,Puma_concolor,Puma_yagouaroundi,Lynx_rufus,Lynx_canadensis,Prionailurus_bengalensis,Prionailurus_viverrinus,Felis_catus,Leopardus_geoffroyi,Neofelis_nebulosa,Panthera_tigris,Panthera_pardus,Panthera_uncia,Nyctereutes_procyonoides,Vulpes_vulpes,Vulpes_lagopus,Canis_lupus,Lutra_lutra,Enhydra_lutris,Lontra_canadensis,Mustela_putorius,Mustela_erminea,Neogale_vison,Meles_meles,Odobenus_rosmarus,Callorhinus_ursinus,Eumetopias_jubatus,Zalophus_californianus,Halichoerus_grypus,Phoca_vitulina,Leptonychotes_weddellii,Mirounga_leonina,Mirounga_angustirostris,Neomonachus_schauinslandi,Ailuropoda_melanoleuca,Ursus_thibetanus,Ursus_americanus,Ursus_arctos,Ursus_maritimus"	0.27833	-4817.604517	83	1	0.27915	-4818.33544	83	1e-04	0.27913	-4817.066051	84	0.299384903731956	0.111080726412098	0.644715731160604	0.190660213487762
"274"	"Carnivora"	"F3x4"	"Panthera_leo"	"Suricata_suricatta,Hyaena_hyaena,Acinonyx_jubatus,Puma_concolor,Puma_yagouaroundi,Lynx_rufus,Lynx_canadensis,Prionailurus_bengalensis,Prionailurus_viverrinus,Felis_catus,Leopardus_geoffroyi,Neofelis_nebulosa,Panthera_tigris,Panthera_pardus,Panthera_uncia,Nyctereutes_procyonoides,Vulpes_vulpes,Vulpes_lagopus,Canis_lupus,Lutra_lutra,Enhydra_lutris,Lontra_canadensis,Mustela_putorius,Mustela_erminea,Neogale_vison,Meles_meles,Odobenus_rosmarus,Callorhinus_ursinus,Eumetopias_jubatus,Zalophus_californianus,Halichoerus_grypus,Phoca_vitulina,Leptonychotes_weddellii,Mirounga_leonina,Mirounga_angustirostris,Neomonachus_schauinslandi,Ailuropoda_melanoleuca,Ursus_thibetanus,Ursus_americanus,Ursus_arctos,Ursus_maritimus"	0.16621	-4757.145865	83	1	0.16671	-4758.289092	83	1e-04	0.1667	-4756.588943	84	0.291247872124856	0.06518464181488	0.644715731160604	0.1363445983694
"275"	"Carnivora"	"F1x4"	"Panthera_pardus"	"Suricata_suricatta,Hyaena_hyaena,Acinonyx_jubatus,Puma_concolor,Puma_yagouaroundi,Lynx_rufus,Lynx_canadensis,Prionailurus_bengalensis,Prionailurus_viverrinus,Felis_catus,Leopardus_geoffroyi,Neofelis_nebulosa,Panthera_tigris,Panthera_leo,Panthera_uncia,Nyctereutes_procyonoides,Vulpes_vulpes,Vulpes_lagopus,Canis_lupus,Lutra_lutra,Enhydra_lutris,Lontra_canadensis,Mustela_putorius,Mustela_erminea,Neogale_vison,Meles_meles,Odobenus_rosmarus,Callorhinus_ursinus,Eumetopias_jubatus,Zalophus_californianus,Halichoerus_grypus,Phoca_vitulina,Leptonychotes_weddellii,Mirounga_leonina,Mirounga_angustirostris,Neomonachus_schauinslandi,Ailuropoda_melanoleuca,Ursus_thibetanus,Ursus_americanus,Ursus_arctos,Ursus_maritimus"	0.27833	-4817.604517	83	1	0.28164	-4820.523775	83	1e-04	0.28155	-4815.433357	84	0.037176233193915	0.001419078260273	0.40200753904747	0.0119202573862932
"276"	"Carnivora"	"F3x4"	"Panthera_pardus"	"Suricata_suricatta,Hyaena_hyaena,Acinonyx_jubatus,Puma_concolor,Puma_yagouaroundi,Lynx_rufus,Lynx_canadensis,Prionailurus_bengalensis,Prionailurus_viverrinus,Felis_catus,Leopardus_geoffroyi,Neofelis_nebulosa,Panthera_tigris,Panthera_leo,Panthera_uncia,Nyctereutes_procyonoides,Vulpes_vulpes,Vulpes_lagopus,Canis_lupus,Lutra_lutra,Enhydra_lutris,Lontra_canadensis,Mustela_putorius,Mustela_erminea,Neogale_vison,Meles_meles,Odobenus_rosmarus,Callorhinus_ursinus,Eumetopias_jubatus,Zalophus_californianus,Halichoerus_grypus,Phoca_vitulina,Leptonychotes_weddellii,Mirounga_leonina,Mirounga_angustirostris,Neomonachus_schauinslandi,Ailuropoda_melanoleuca,Ursus_thibetanus,Ursus_americanus,Ursus_arctos,Ursus_maritimus"	0.16621	-4757.145865	83	1	0.16824	-4761.703232	83	1e-04	0.16821	-4754.907603	84	0.034363543140872	0.000227241293377	0.40200753904747	0.0027064522492875
"277"	"Carnivora"	"F1x4"	"Panthera_tigris"	"Suricata_suricatta,Hyaena_hyaena,Acinonyx_jubatus,Puma_concolor,Puma_yagouaroundi,Lynx_rufus,Lynx_canadensis,Prionailurus_bengalensis,Prionailurus_viverrinus,Felis_catus,Leopardus_geoffroyi,Neofelis_nebulosa,Panthera_leo,Panthera_pardus,Panthera_uncia,Nyctereutes_procyonoides,Vulpes_vulpes,Vulpes_lagopus,Canis_lupus,Lutra_lutra,Enhydra_lutris,Lontra_canadensis,Mustela_putorius,Mustela_erminea,Neogale_vison,Meles_meles,Odobenus_rosmarus,Callorhinus_ursinus,Eumetopias_jubatus,Zalophus_californianus,Halichoerus_grypus,Phoca_vitulina,Leptonychotes_weddellii,Mirounga_leonina,Mirounga_angustirostris,Neomonachus_schauinslandi,Ailuropoda_melanoleuca,Ursus_thibetanus,Ursus_americanus,Ursus_arctos,Ursus_maritimus"	0.27833	-4817.604517	83	1	0.27924	-4818.473603	83	1e-04	0.27993	-4816.728668	84	0.185663412443714	0.061745433471117	0.644715731160604	0.1363445983694
"278"	"Carnivora"	"F3x4"	"Panthera_tigris"	"Suricata_suricatta,Hyaena_hyaena,Acinonyx_jubatus,Puma_concolor,Puma_yagouaroundi,Lynx_rufus,Lynx_canadensis,Prionailurus_bengalensis,Prionailurus_viverrinus,Felis_catus,Leopardus_geoffroyi,Neofelis_nebulosa,Panthera_leo,Panthera_pardus,Panthera_uncia,Nyctereutes_procyonoides,Vulpes_vulpes,Vulpes_lagopus,Canis_lupus,Lutra_lutra,Enhydra_lutris,Lontra_canadensis,Mustela_putorius,Mustela_erminea,Neogale_vison,Meles_meles,Odobenus_rosmarus,Callorhinus_ursinus,Eumetopias_jubatus,Zalophus_californianus,Halichoerus_grypus,Phoca_vitulina,Leptonychotes_weddellii,Mirounga_leonina,Mirounga_angustirostris,Neomonachus_schauinslandi,Ailuropoda_melanoleuca,Ursus_thibetanus,Ursus_americanus,Ursus_arctos,Ursus_maritimus"	0.16621	-4757.145865	83	1	0.16671	-4758.334699	83	1e-04	0.16678	-4756.529329	84	0.266810438037543	0.057407570035268	0.644715731160604	0.130330699539527
"279"	"Carnivora"	"F1x4"	"Panthera_uncia"	"Suricata_suricatta,Hyaena_hyaena,Acinonyx_jubatus,Puma_concolor,Puma_yagouaroundi,Lynx_rufus,Lynx_canadensis,Prionailurus_bengalensis,Prionailurus_viverrinus,Felis_catus,Leopardus_geoffroyi,Neofelis_nebulosa,Panthera_tigris,Panthera_leo,Panthera_pardus,Nyctereutes_procyonoides,Vulpes_vulpes,Vulpes_lagopus,Canis_lupus,Lutra_lutra,Enhydra_lutris,Lontra_canadensis,Mustela_putorius,Mustela_erminea,Neogale_vison,Meles_meles,Odobenus_rosmarus,Callorhinus_ursinus,Eumetopias_jubatus,Zalophus_californianus,Halichoerus_grypus,Phoca_vitulina,Leptonychotes_weddellii,Mirounga_leonina,Mirounga_angustirostris,Neomonachus_schauinslandi,Ailuropoda_melanoleuca,Ursus_thibetanus,Ursus_americanus,Ursus_arctos,Ursus_maritimus"	0.27833	-4817.604517	83	1	0.27833	-4817.604597	83	1e-04	0.27833	-4817.604421	84	0.988944541006693	0.985031236917443	1	1
"280"	"Carnivora"	"F3x4"	"Panthera_uncia"	"Suricata_suricatta,Hyaena_hyaena,Acinonyx_jubatus,Puma_concolor,Puma_yagouaroundi,Lynx_rufus,Lynx_canadensis,Prionailurus_bengalensis,Prionailurus_viverrinus,Felis_catus,Leopardus_geoffroyi,Neofelis_nebulosa,Panthera_tigris,Panthera_leo,Panthera_pardus,Nyctereutes_procyonoides,Vulpes_vulpes,Vulpes_lagopus,Canis_lupus,Lutra_lutra,Enhydra_lutris,Lontra_canadensis,Mustela_putorius,Mustela_erminea,Neogale_vison,Meles_meles,Odobenus_rosmarus,Callorhinus_ursinus,Eumetopias_jubatus,Zalophus_californianus,Halichoerus_grypus,Phoca_vitulina,Leptonychotes_weddellii,Mirounga_leonina,Mirounga_angustirostris,Neomonachus_schauinslandi,Ailuropoda_melanoleuca,Ursus_thibetanus,Ursus_americanus,Ursus_arctos,Ursus_maritimus"	0.16621	-4757.145865	83	1	0.16621	-4757.14588	83	1e-04	0.16621	-4757.145848	84	0.995347599831139	0.99361699160713	1	1
"281"	"Carnivora"	"F1x4"	"Phoca_vitulina"	"Suricata_suricatta,Hyaena_hyaena,Acinonyx_jubatus,Puma_concolor,Puma_yagouaroundi,Lynx_rufus,Lynx_canadensis,Prionailurus_bengalensis,Prionailurus_viverrinus,Felis_catus,Leopardus_geoffroyi,Neofelis_nebulosa,Panthera_tigris,Panthera_leo,Panthera_pardus,Panthera_uncia,Nyctereutes_procyonoides,Vulpes_vulpes,Vulpes_lagopus,Canis_lupus,Lutra_lutra,Enhydra_lutris,Lontra_canadensis,Mustela_putorius,Mustela_erminea,Neogale_vison,Meles_meles,Odobenus_rosmarus,Callorhinus_ursinus,Eumetopias_jubatus,Zalophus_californianus,Halichoerus_grypus,Leptonychotes_weddellii,Mirounga_leonina,Mirounga_angustirostris,Neomonachus_schauinslandi,Ailuropoda_melanoleuca,Ursus_thibetanus,Ursus_americanus,Ursus_arctos,Ursus_maritimus"	0.27833	-4817.604517	83	1	0.27802	-4817.781789	83	0.39508	0.278	-4817.573955	84	0.804728152143922	0.519106581335715	1	0.652765056130578
"282"	"Carnivora"	"F3x4"	"Phoca_vitulina"	"Suricata_suricatta,Hyaena_hyaena,Acinonyx_jubatus,Puma_concolor,Puma_yagouaroundi,Lynx_rufus,Lynx_canadensis,Prionailurus_bengalensis,Prionailurus_viverrinus,Felis_catus,Leopardus_geoffroyi,Neofelis_nebulosa,Panthera_tigris,Panthera_leo,Panthera_pardus,Panthera_uncia,Nyctereutes_procyonoides,Vulpes_vulpes,Vulpes_lagopus,Canis_lupus,Lutra_lutra,Enhydra_lutris,Lontra_canadensis,Mustela_putorius,Mustela_erminea,Neogale_vison,Meles_meles,Odobenus_rosmarus,Callorhinus_ursinus,Eumetopias_jubatus,Zalophus_californianus,Halichoerus_grypus,Leptonychotes_weddellii,Mirounga_leonina,Mirounga_angustirostris,Neomonachus_schauinslandi,Ailuropoda_melanoleuca,Ursus_thibetanus,Ursus_americanus,Ursus_arctos,Ursus_maritimus"	0.16621	-4757.145865	83	1	0.16594	-4757.484749	83	0.27093	0.16593	-4757.08671	84	0.730874708134452	0.372268576068838	1	0.539147592927283
"283"	"Carnivora"	"F1x4"	"Prionailurus_bengalensis"	"Suricata_suricatta,Hyaena_hyaena,Acinonyx_jubatus,Puma_concolor,Puma_yagouaroundi,Lynx_rufus,Lynx_canadensis,Prionailurus_viverrinus,Felis_catus,Leopardus_geoffroyi,Neofelis_nebulosa,Panthera_tigris,Panthera_leo,Panthera_pardus,Panthera_uncia,Nyctereutes_procyonoides,Vulpes_vulpes,Vulpes_lagopus,Canis_lupus,Lutra_lutra,Enhydra_lutris,Lontra_canadensis,Mustela_putorius,Mustela_erminea,Neogale_vison,Meles_meles,Odobenus_rosmarus,Callorhinus_ursinus,Eumetopias_jubatus,Zalophus_californianus,Halichoerus_grypus,Phoca_vitulina,Leptonychotes_weddellii,Mirounga_leonina,Mirounga_angustirostris,Neomonachus_schauinslandi,Ailuropoda_melanoleuca,Ursus_thibetanus,Ursus_americanus,Ursus_arctos,Ursus_maritimus"	0.27833	-4817.604517	83	1	0.2769	-4817.238656	83	0.78321	0.2769	-4817.219363	84	0.380121786927855	0.844271116683213	0.694135436998692	0.984982969463749
"284"	"Carnivora"	"F3x4"	"Prionailurus_bengalensis"	"Suricata_suricatta,Hyaena_hyaena,Acinonyx_jubatus,Puma_concolor,Puma_yagouaroundi,Lynx_rufus,Lynx_canadensis,Prionailurus_viverrinus,Felis_catus,Leopardus_geoffroyi,Neofelis_nebulosa,Panthera_tigris,Panthera_leo,Panthera_pardus,Panthera_uncia,Nyctereutes_procyonoides,Vulpes_vulpes,Vulpes_lagopus,Canis_lupus,Lutra_lutra,Enhydra_lutris,Lontra_canadensis,Mustela_putorius,Mustela_erminea,Neogale_vison,Meles_meles,Odobenus_rosmarus,Callorhinus_ursinus,Eumetopias_jubatus,Zalophus_californianus,Halichoerus_grypus,Phoca_vitulina,Leptonychotes_weddellii,Mirounga_leonina,Mirounga_angustirostris,Neomonachus_schauinslandi,Ailuropoda_melanoleuca,Ursus_thibetanus,Ursus_americanus,Ursus_arctos,Ursus_maritimus"	0.16621	-4757.145865	83	1	0.16536	-4756.960052	83	0.45777	0.16535	-4756.77726	84	0.390556082979375	0.545421261723151	0.698015127026968	0.663991101228184
"285"	"Carnivora"	"F1x4"	"Prionailurus_viverrinus"	"Suricata_suricatta,Hyaena_hyaena,Acinonyx_jubatus,Puma_concolor,Puma_yagouaroundi,Lynx_rufus,Lynx_canadensis,Prionailurus_bengalensis,Felis_catus,Leopardus_geoffroyi,Neofelis_nebulosa,Panthera_tigris,Panthera_leo,Panthera_pardus,Panthera_uncia,Nyctereutes_procyonoides,Vulpes_vulpes,Vulpes_lagopus,Canis_lupus,Lutra_lutra,Enhydra_lutris,Lontra_canadensis,Mustela_putorius,Mustela_erminea,Neogale_vison,Meles_meles,Odobenus_rosmarus,Callorhinus_ursinus,Eumetopias_jubatus,Zalophus_californianus,Halichoerus_grypus,Phoca_vitulina,Leptonychotes_weddellii,Mirounga_leonina,Mirounga_angustirostris,Neomonachus_schauinslandi,Ailuropoda_melanoleuca,Ursus_thibetanus,Ursus_americanus,Ursus_arctos,Ursus_maritimus"	0.27833	-4817.604517	83	1	0.27833	-4817.604597	83	1e-04	0.27834	-4817.604422	84	0.989002268611574	0.985073817428843	1	1
"286"	"Carnivora"	"F3x4"	"Prionailurus_viverrinus"	"Suricata_suricatta,Hyaena_hyaena,Acinonyx_jubatus,Puma_concolor,Puma_yagouaroundi,Lynx_rufus,Lynx_canadensis,Prionailurus_bengalensis,Felis_catus,Leopardus_geoffroyi,Neofelis_nebulosa,Panthera_tigris,Panthera_leo,Panthera_pardus,Panthera_uncia,Nyctereutes_procyonoides,Vulpes_vulpes,Vulpes_lagopus,Canis_lupus,Lutra_lutra,Enhydra_lutris,Lontra_canadensis,Mustela_putorius,Mustela_erminea,Neogale_vison,Meles_meles,Odobenus_rosmarus,Callorhinus_ursinus,Eumetopias_jubatus,Zalophus_californianus,Halichoerus_grypus,Phoca_vitulina,Leptonychotes_weddellii,Mirounga_leonina,Mirounga_angustirostris,Neomonachus_schauinslandi,Ailuropoda_melanoleuca,Ursus_thibetanus,Ursus_americanus,Ursus_arctos,Ursus_maritimus"	0.16621	-4757.145982	83	1	0.16621	-4757.145865	83	0.39038	0.16621	-4757.145865	84	0.98779518917543	1	1	1
"287"	"Carnivora"	"F1x4"	"Puma_concolor"	"Suricata_suricatta,Hyaena_hyaena,Acinonyx_jubatus,Puma_yagouaroundi,Lynx_rufus,Lynx_canadensis,Prionailurus_bengalensis,Prionailurus_viverrinus,Felis_catus,Leopardus_geoffroyi,Neofelis_nebulosa,Panthera_tigris,Panthera_leo,Panthera_pardus,Panthera_uncia,Nyctereutes_procyonoides,Vulpes_vulpes,Vulpes_lagopus,Canis_lupus,Lutra_lutra,Enhydra_lutris,Lontra_canadensis,Mustela_putorius,Mustela_erminea,Neogale_vison,Meles_meles,Odobenus_rosmarus,Callorhinus_ursinus,Eumetopias_jubatus,Zalophus_californianus,Halichoerus_grypus,Phoca_vitulina,Leptonychotes_weddellii,Mirounga_leonina,Mirounga_angustirostris,Neomonachus_schauinslandi,Ailuropoda_melanoleuca,Ursus_thibetanus,Ursus_americanus,Ursus_arctos,Ursus_maritimus"	0.27833	-4817.604517	83	1	0.27968	-4819.255893	83	0.12902	0.27962	-4817.356195	84	0.480978442727489	0.051271074629414	0.772634405199714	0.129572300369506
"288"	"Carnivora"	"F3x4"	"Puma_concolor"	"Suricata_suricatta,Hyaena_hyaena,Acinonyx_jubatus,Puma_yagouaroundi,Lynx_rufus,Lynx_canadensis,Prionailurus_bengalensis,Prionailurus_viverrinus,Felis_catus,Leopardus_geoffroyi,Neofelis_nebulosa,Panthera_tigris,Panthera_leo,Panthera_pardus,Panthera_uncia,Nyctereutes_procyonoides,Vulpes_vulpes,Vulpes_lagopus,Canis_lupus,Lutra_lutra,Enhydra_lutris,Lontra_canadensis,Mustela_putorius,Mustela_erminea,Neogale_vison,Meles_meles,Odobenus_rosmarus,Callorhinus_ursinus,Eumetopias_jubatus,Zalophus_californianus,Halichoerus_grypus,Phoca_vitulina,Leptonychotes_weddellii,Mirounga_leonina,Mirounga_angustirostris,Neomonachus_schauinslandi,Ailuropoda_melanoleuca,Ursus_thibetanus,Ursus_americanus,Ursus_arctos,Ursus_maritimus"	0.16621	-4757.145865	83	1	0.16702	-4759.871086	83	0.07633	0.167	-4756.891771	84	0.475924310809143	0.014645416991144	0.772634405199714	0.0615107513628048
"289"	"Carnivora"	"F1x4"	"Puma_yagouaroundi"	"Suricata_suricatta,Hyaena_hyaena,Acinonyx_jubatus,Puma_concolor,Lynx_rufus,Lynx_canadensis,Prionailurus_bengalensis,Prionailurus_viverrinus,Felis_catus,Leopardus_geoffroyi,Neofelis_nebulosa,Panthera_tigris,Panthera_leo,Panthera_pardus,Panthera_uncia,Nyctereutes_procyonoides,Vulpes_vulpes,Vulpes_lagopus,Canis_lupus,Lutra_lutra,Enhydra_lutris,Lontra_canadensis,Mustela_putorius,Mustela_erminea,Neogale_vison,Meles_meles,Odobenus_rosmarus,Callorhinus_ursinus,Eumetopias_jubatus,Zalophus_californianus,Halichoerus_grypus,Phoca_vitulina,Leptonychotes_weddellii,Mirounga_leonina,Mirounga_angustirostris,Neomonachus_schauinslandi,Ailuropoda_melanoleuca,Ursus_thibetanus,Ursus_americanus,Ursus_arctos,Ursus_maritimus"	0.27833	-4817.604517	83	1	0.27913	-4818.328169	83	1e-04	0.27913	-4817.06653	84	0.299599948689037	0.112177179353279	0.644715731160604	0.190660213487762
"290"	"Carnivora"	"F3x4"	"Puma_yagouaroundi"	"Suricata_suricatta,Hyaena_hyaena,Acinonyx_jubatus,Puma_concolor,Lynx_rufus,Lynx_canadensis,Prionailurus_bengalensis,Prionailurus_viverrinus,Felis_catus,Leopardus_geoffroyi,Neofelis_nebulosa,Panthera_tigris,Panthera_leo,Panthera_pardus,Panthera_uncia,Nyctereutes_procyonoides,Vulpes_vulpes,Vulpes_lagopus,Canis_lupus,Lutra_lutra,Enhydra_lutris,Lontra_canadensis,Mustela_putorius,Mustela_erminea,Neogale_vison,Meles_meles,Odobenus_rosmarus,Callorhinus_ursinus,Eumetopias_jubatus,Zalophus_californianus,Halichoerus_grypus,Phoca_vitulina,Leptonychotes_weddellii,Mirounga_leonina,Mirounga_angustirostris,Neomonachus_schauinslandi,Ailuropoda_melanoleuca,Ursus_thibetanus,Ursus_americanus,Ursus_arctos,Ursus_maritimus"	0.16621	-4757.145865	83	1	0.16669	-4758.264807	83	1e-04	0.1667	-4756.601563	84	0.296780724406828	0.0681722991847	0.644715731160604	0.1363445983694
"291"	"Carnivora"	"F1x4"	"Suricata_suricatta"	"Hyaena_hyaena,Acinonyx_jubatus,Puma_concolor,Puma_yagouaroundi,Lynx_rufus,Lynx_canadensis,Prionailurus_bengalensis,Prionailurus_viverrinus,Felis_catus,Leopardus_geoffroyi,Neofelis_nebulosa,Panthera_tigris,Panthera_leo,Panthera_pardus,Panthera_uncia,Nyctereutes_procyonoides,Vulpes_vulpes,Vulpes_lagopus,Canis_lupus,Lutra_lutra,Enhydra_lutris,Lontra_canadensis,Mustela_putorius,Mustela_erminea,Neogale_vison,Meles_meles,Odobenus_rosmarus,Callorhinus_ursinus,Eumetopias_jubatus,Zalophus_californianus,Halichoerus_grypus,Phoca_vitulina,Leptonychotes_weddellii,Mirounga_leonina,Mirounga_angustirostris,Neomonachus_schauinslandi,Ailuropoda_melanoleuca,Ursus_thibetanus,Ursus_americanus,Ursus_arctos,Ursus_maritimus"	0.27833	-4817.604517	83	1	0.2758	-4825.75797	83	0.27569	0.27855	-4817.604008	84	0.97454692425085	5.38383469170112e-05	1	0.000753736856838157
"292"	"Carnivora"	"F3x4"	"Suricata_suricatta"	"Hyaena_hyaena,Acinonyx_jubatus,Puma_concolor,Puma_yagouaroundi,Lynx_rufus,Lynx_canadensis,Prionailurus_bengalensis,Prionailurus_viverrinus,Felis_catus,Leopardus_geoffroyi,Neofelis_nebulosa,Panthera_tigris,Panthera_leo,Panthera_pardus,Panthera_uncia,Nyctereutes_procyonoides,Vulpes_vulpes,Vulpes_lagopus,Canis_lupus,Lutra_lutra,Enhydra_lutris,Lontra_canadensis,Mustela_putorius,Mustela_erminea,Neogale_vison,Meles_meles,Odobenus_rosmarus,Callorhinus_ursinus,Eumetopias_jubatus,Zalophus_californianus,Halichoerus_grypus,Phoca_vitulina,Leptonychotes_weddellii,Mirounga_leonina,Mirounga_angustirostris,Neomonachus_schauinslandi,Ailuropoda_melanoleuca,Ursus_thibetanus,Ursus_americanus,Ursus_arctos,Ursus_maritimus"	0.16621	-4757.145865	83	1	0.16536	-4773.158705	83	0.13745	0.16868	-4756.965169	84	0.547734168915337	1.2632409310542e-08	0.836539457979787	1.06112238208553e-06
"293"	"Carnivora"	"F1x4"	"Ursus_americanus"	"Suricata_suricatta,Hyaena_hyaena,Acinonyx_jubatus,Puma_concolor,Puma_yagouaroundi,Lynx_rufus,Lynx_canadensis,Prionailurus_bengalensis,Prionailurus_viverrinus,Felis_catus,Leopardus_geoffroyi,Neofelis_nebulosa,Panthera_tigris,Panthera_leo,Panthera_pardus,Panthera_uncia,Nyctereutes_procyonoides,Vulpes_vulpes,Vulpes_lagopus,Canis_lupus,Lutra_lutra,Enhydra_lutris,Lontra_canadensis,Mustela_putorius,Mustela_erminea,Neogale_vison,Meles_meles,Odobenus_rosmarus,Callorhinus_ursinus,Eumetopias_jubatus,Zalophus_californianus,Halichoerus_grypus,Phoca_vitulina,Leptonychotes_weddellii,Mirounga_leonina,Mirounga_angustirostris,Neomonachus_schauinslandi,Ailuropoda_melanoleuca,Ursus_thibetanus,Ursus_arctos,Ursus_maritimus"	0.27833	-4817.604517	83	1	0.27993	-4819.033867	83	1e-04	0.27991	-4816.5343	84	0.143461300489453	0.025360004527902	0.644715731160604	0.076080013583706
"294"	"Carnivora"	"F3x4"	"Ursus_americanus"	"Suricata_suricatta,Hyaena_hyaena,Acinonyx_jubatus,Puma_concolor,Puma_yagouaroundi,Lynx_rufus,Lynx_canadensis,Prionailurus_bengalensis,Prionailurus_viverrinus,Felis_catus,Leopardus_geoffroyi,Neofelis_nebulosa,Panthera_tigris,Panthera_leo,Panthera_pardus,Panthera_uncia,Nyctereutes_procyonoides,Vulpes_vulpes,Vulpes_lagopus,Canis_lupus,Lutra_lutra,Enhydra_lutris,Lontra_canadensis,Mustela_putorius,Mustela_erminea,Neogale_vison,Meles_meles,Odobenus_rosmarus,Callorhinus_ursinus,Eumetopias_jubatus,Zalophus_californianus,Halichoerus_grypus,Phoca_vitulina,Leptonychotes_weddellii,Mirounga_leonina,Mirounga_angustirostris,Neomonachus_schauinslandi,Ailuropoda_melanoleuca,Ursus_thibetanus,Ursus_arctos,Ursus_maritimus"	0.16621	-4757.145865	83	1	0.16719	-4759.385555	83	1e-04	0.16718	-4756.067496	84	0.141945746391037	0.009993145931201	0.644715731160604	0.0493778975424049
"295"	"Carnivora"	"F1x4"	"Ursus_arctos"	"Suricata_suricatta,Hyaena_hyaena,Acinonyx_jubatus,Puma_concolor,Puma_yagouaroundi,Lynx_rufus,Lynx_canadensis,Prionailurus_bengalensis,Prionailurus_viverrinus,Felis_catus,Leopardus_geoffroyi,Neofelis_nebulosa,Panthera_tigris,Panthera_leo,Panthera_pardus,Panthera_uncia,Nyctereutes_procyonoides,Vulpes_vulpes,Vulpes_lagopus,Canis_lupus,Lutra_lutra,Enhydra_lutris,Lontra_canadensis,Mustela_putorius,Mustela_erminea,Neogale_vison,Meles_meles,Odobenus_rosmarus,Callorhinus_ursinus,Eumetopias_jubatus,Zalophus_californianus,Halichoerus_grypus,Phoca_vitulina,Leptonychotes_weddellii,Mirounga_leonina,Mirounga_angustirostris,Neomonachus_schauinslandi,Ailuropoda_melanoleuca,Ursus_thibetanus,Ursus_americanus,Ursus_maritimus"	0.27833	-4817.604517	83	1	0.27833	-4817.604598	83	1e-04	0.27833	-4817.604421	84	0.988944541006693	0.98498877724505	1	1
"296"	"Carnivora"	"F3x4"	"Ursus_arctos"	"Suricata_suricatta,Hyaena_hyaena,Acinonyx_jubatus,Puma_concolor,Puma_yagouaroundi,Lynx_rufus,Lynx_canadensis,Prionailurus_bengalensis,Prionailurus_viverrinus,Felis_catus,Leopardus_geoffroyi,Neofelis_nebulosa,Panthera_tigris,Panthera_leo,Panthera_pardus,Panthera_uncia,Nyctereutes_procyonoides,Vulpes_vulpes,Vulpes_lagopus,Canis_lupus,Lutra_lutra,Enhydra_lutris,Lontra_canadensis,Mustela_putorius,Mustela_erminea,Neogale_vison,Meles_meles,Odobenus_rosmarus,Callorhinus_ursinus,Eumetopias_jubatus,Zalophus_californianus,Halichoerus_grypus,Phoca_vitulina,Leptonychotes_weddellii,Mirounga_leonina,Mirounga_angustirostris,Neomonachus_schauinslandi,Ailuropoda_melanoleuca,Ursus_thibetanus,Ursus_americanus,Ursus_maritimus"	0.16621	-4757.145865	83	1	0.16621	-4757.145855	83	0.33877	0.16621	-4757.145861	84	0.997743244549384	1	1	1
"297"	"Carnivora"	"F1x4"	"Ursus_maritimus"	"Suricata_suricatta,Hyaena_hyaena,Acinonyx_jubatus,Puma_concolor,Puma_yagouaroundi,Lynx_rufus,Lynx_canadensis,Prionailurus_bengalensis,Prionailurus_viverrinus,Felis_catus,Leopardus_geoffroyi,Neofelis_nebulosa,Panthera_tigris,Panthera_leo,Panthera_pardus,Panthera_uncia,Nyctereutes_procyonoides,Vulpes_vulpes,Vulpes_lagopus,Canis_lupus,Lutra_lutra,Enhydra_lutris,Lontra_canadensis,Mustela_putorius,Mustela_erminea,Neogale_vison,Meles_meles,Odobenus_rosmarus,Callorhinus_ursinus,Eumetopias_jubatus,Zalophus_californianus,Halichoerus_grypus,Phoca_vitulina,Leptonychotes_weddellii,Mirounga_leonina,Mirounga_angustirostris,Neomonachus_schauinslandi,Ailuropoda_melanoleuca,Ursus_thibetanus,Ursus_americanus,Ursus_arctos"	0.27833	-4817.604517	83	1	0.27833	-4817.604598	83	0.39322	0.27833	-4817.604539	84	1	0.99133292561407	1	1
"298"	"Carnivora"	"F3x4"	"Ursus_maritimus"	"Suricata_suricatta,Hyaena_hyaena,Acinonyx_jubatus,Puma_concolor,Puma_yagouaroundi,Lynx_rufus,Lynx_canadensis,Prionailurus_bengalensis,Prionailurus_viverrinus,Felis_catus,Leopardus_geoffroyi,Neofelis_nebulosa,Panthera_tigris,Panthera_leo,Panthera_pardus,Panthera_uncia,Nyctereutes_procyonoides,Vulpes_vulpes,Vulpes_lagopus,Canis_lupus,Lutra_lutra,Enhydra_lutris,Lontra_canadensis,Mustela_putorius,Mustela_erminea,Neogale_vison,Meles_meles,Odobenus_rosmarus,Callorhinus_ursinus,Eumetopias_jubatus,Zalophus_californianus,Halichoerus_grypus,Phoca_vitulina,Leptonychotes_weddellii,Mirounga_leonina,Mirounga_angustirostris,Neomonachus_schauinslandi,Ailuropoda_melanoleuca,Ursus_thibetanus,Ursus_americanus,Ursus_arctos"	0.16621	-4757.145865	83	1	0.16621	-4757.145855	83	0.60841	0.16621	-4757.145857	84	0.996808470271566	1	1	1
"299"	"Carnivora"	"F1x4"	"Ursus_thibetanus"	"Suricata_suricatta,Hyaena_hyaena,Acinonyx_jubatus,Puma_concolor,Puma_yagouaroundi,Lynx_rufus,Lynx_canadensis,Prionailurus_bengalensis,Prionailurus_viverrinus,Felis_catus,Leopardus_geoffroyi,Neofelis_nebulosa,Panthera_tigris,Panthera_leo,Panthera_pardus,Panthera_uncia,Nyctereutes_procyonoides,Vulpes_vulpes,Vulpes_lagopus,Canis_lupus,Lutra_lutra,Enhydra_lutris,Lontra_canadensis,Mustela_putorius,Mustela_erminea,Neogale_vison,Meles_meles,Odobenus_rosmarus,Callorhinus_ursinus,Eumetopias_jubatus,Zalophus_californianus,Halichoerus_grypus,Phoca_vitulina,Leptonychotes_weddellii,Mirounga_leonina,Mirounga_angustirostris,Neomonachus_schauinslandi,Ailuropoda_melanoleuca,Ursus_americanus,Ursus_arctos,Ursus_maritimus"	0.27833	-4817.604517	83	1	0.27723	-4817.073863	83	999	0.27722	-4816.760157	84	0.193769787304215	0.428306201354797	0.644715731160604	0.589798703504966
"300"	"Carnivora"	"F3x4"	"Ursus_thibetanus"	"Suricata_suricatta,Hyaena_hyaena,Acinonyx_jubatus,Puma_concolor,Puma_yagouaroundi,Lynx_rufus,Lynx_canadensis,Prionailurus_bengalensis,Prionailurus_viverrinus,Felis_catus,Leopardus_geoffroyi,Neofelis_nebulosa,Panthera_tigris,Panthera_leo,Panthera_pardus,Panthera_uncia,Nyctereutes_procyonoides,Vulpes_vulpes,Vulpes_lagopus,Canis_lupus,Lutra_lutra,Enhydra_lutris,Lontra_canadensis,Mustela_putorius,Mustela_erminea,Neogale_vison,Meles_meles,Odobenus_rosmarus,Callorhinus_ursinus,Eumetopias_jubatus,Zalophus_californianus,Halichoerus_grypus,Phoca_vitulina,Leptonychotes_weddellii,Mirounga_leonina,Mirounga_angustirostris,Neomonachus_schauinslandi,Ailuropoda_melanoleuca,Ursus_americanus,Ursus_arctos,Ursus_maritimus"	0.16621	-4757.145865	83	1	0.16553	-4756.480912	83	999	0.16553	-4756.272845	84	0.186375334984119	0.518872433974451	0.644715731160604	0.652765056130578
"301"	"Carnivora"	"F1x4"	"Vulpes_lagopus"	"Suricata_suricatta,Hyaena_hyaena,Acinonyx_jubatus,Puma_concolor,Puma_yagouaroundi,Lynx_rufus,Lynx_canadensis,Prionailurus_bengalensis,Prionailurus_viverrinus,Felis_catus,Leopardus_geoffroyi,Neofelis_nebulosa,Panthera_tigris,Panthera_leo,Panthera_pardus,Panthera_uncia,Nyctereutes_procyonoides,Vulpes_vulpes,Canis_lupus,Lutra_lutra,Enhydra_lutris,Lontra_canadensis,Mustela_putorius,Mustela_erminea,Neogale_vison,Meles_meles,Odobenus_rosmarus,Callorhinus_ursinus,Eumetopias_jubatus,Zalophus_californianus,Halichoerus_grypus,Phoca_vitulina,Leptonychotes_weddellii,Mirounga_leonina,Mirounga_angustirostris,Neomonachus_schauinslandi,Ailuropoda_melanoleuca,Ursus_thibetanus,Ursus_americanus,Ursus_arctos,Ursus_maritimus"	0.27833	-4817.604517	83	1	0.2786	-4818.736267	83	0.25403	0.27854	-4817.599464	84	0.919924676026604	0.131593399212433	1	0.21257395257393
"302"	"Carnivora"	"F3x4"	"Vulpes_lagopus"	"Suricata_suricatta,Hyaena_hyaena,Acinonyx_jubatus,Puma_concolor,Puma_yagouaroundi,Lynx_rufus,Lynx_canadensis,Prionailurus_bengalensis,Prionailurus_viverrinus,Felis_catus,Leopardus_geoffroyi,Neofelis_nebulosa,Panthera_tigris,Panthera_leo,Panthera_pardus,Panthera_uncia,Nyctereutes_procyonoides,Vulpes_vulpes,Canis_lupus,Lutra_lutra,Enhydra_lutris,Lontra_canadensis,Mustela_putorius,Mustela_erminea,Neogale_vison,Meles_meles,Odobenus_rosmarus,Callorhinus_ursinus,Eumetopias_jubatus,Zalophus_californianus,Halichoerus_grypus,Phoca_vitulina,Leptonychotes_weddellii,Mirounga_leonina,Mirounga_angustirostris,Neomonachus_schauinslandi,Ailuropoda_melanoleuca,Ursus_thibetanus,Ursus_americanus,Ursus_arctos,Ursus_maritimus"	0.16621	-4757.145865	83	1	0.16607	-4758.802679	83	0.18765	0.16604	-4757.137092	84	0.894619419418361	0.067978335602905	1	0.1363445983694
"303"	"Carnivora"	"F1x4"	"Vulpes_vulpes"	"Suricata_suricatta,Hyaena_hyaena,Acinonyx_jubatus,Puma_concolor,Puma_yagouaroundi,Lynx_rufus,Lynx_canadensis,Prionailurus_bengalensis,Prionailurus_viverrinus,Felis_catus,Leopardus_geoffroyi,Neofelis_nebulosa,Panthera_tigris,Panthera_leo,Panthera_pardus,Panthera_uncia,Nyctereutes_procyonoides,Vulpes_lagopus,Canis_lupus,Lutra_lutra,Enhydra_lutris,Lontra_canadensis,Mustela_putorius,Mustela_erminea,Neogale_vison,Meles_meles,Odobenus_rosmarus,Callorhinus_ursinus,Eumetopias_jubatus,Zalophus_californianus,Halichoerus_grypus,Phoca_vitulina,Leptonychotes_weddellii,Mirounga_leonina,Mirounga_angustirostris,Neomonachus_schauinslandi,Ailuropoda_melanoleuca,Ursus_thibetanus,Ursus_americanus,Ursus_arctos,Ursus_maritimus"	0.27833	-4817.604517	83	1	0.279	-4818.274258	83	1e-04	0.27912	-4817.08707	84	0.309011973107625	0.123340873882947	0.644715731160604	0.203149674630736
"304"	"Carnivora"	"F3x4"	"Vulpes_vulpes"	"Suricata_suricatta,Hyaena_hyaena,Acinonyx_jubatus,Puma_concolor,Puma_yagouaroundi,Lynx_rufus,Lynx_canadensis,Prionailurus_bengalensis,Prionailurus_viverrinus,Felis_catus,Leopardus_geoffroyi,Neofelis_nebulosa,Panthera_tigris,Panthera_leo,Panthera_pardus,Panthera_uncia,Nyctereutes_procyonoides,Vulpes_lagopus,Canis_lupus,Lutra_lutra,Enhydra_lutris,Lontra_canadensis,Mustela_putorius,Mustela_erminea,Neogale_vison,Meles_meles,Odobenus_rosmarus,Callorhinus_ursinus,Eumetopias_jubatus,Zalophus_californianus,Halichoerus_grypus,Phoca_vitulina,Leptonychotes_weddellii,Mirounga_leonina,Mirounga_angustirostris,Neomonachus_schauinslandi,Ailuropoda_melanoleuca,Ursus_thibetanus,Ursus_americanus,Ursus_arctos,Ursus_maritimus"	0.16621	-4757.145865	83	1	0.16653	-4758.089492	83	1e-04	0.16663	-4756.708734	84	0.349778102811159	0.096556698739423	0.652919125247497	0.180239170980256
"305"	"Carnivora"	"F1x4"	"Zalophus_californianus"	"Suricata_suricatta,Hyaena_hyaena,Acinonyx_jubatus,Puma_concolor,Puma_yagouaroundi,Lynx_rufus,Lynx_canadensis,Prionailurus_bengalensis,Prionailurus_viverrinus,Felis_catus,Leopardus_geoffroyi,Neofelis_nebulosa,Panthera_tigris,Panthera_leo,Panthera_pardus,Panthera_uncia,Nyctereutes_procyonoides,Vulpes_vulpes,Vulpes_lagopus,Canis_lupus,Lutra_lutra,Enhydra_lutris,Lontra_canadensis,Mustela_putorius,Mustela_erminea,Neogale_vison,Meles_meles,Odobenus_rosmarus,Callorhinus_ursinus,Eumetopias_jubatus,Halichoerus_grypus,Phoca_vitulina,Leptonychotes_weddellii,Mirounga_leonina,Mirounga_angustirostris,Neomonachus_schauinslandi,Ailuropoda_melanoleuca,Ursus_thibetanus,Ursus_americanus,Ursus_arctos,Ursus_maritimus"	0.27833	-4817.604517	83	1	0.27914	-4818.329893	83	1e-04	0.27912	-4817.070431	84	0.301358713008507	0.112487316249474	0.644715731160604	0.190660213487762
"306"	"Carnivora"	"F3x4"	"Zalophus_californianus"	"Suricata_suricatta,Hyaena_hyaena,Acinonyx_jubatus,Puma_concolor,Puma_yagouaroundi,Lynx_rufus,Lynx_canadensis,Prionailurus_bengalensis,Prionailurus_viverrinus,Felis_catus,Leopardus_geoffroyi,Neofelis_nebulosa,Panthera_tigris,Panthera_leo,Panthera_pardus,Panthera_uncia,Nyctereutes_procyonoides,Vulpes_vulpes,Vulpes_lagopus,Canis_lupus,Lutra_lutra,Enhydra_lutris,Lontra_canadensis,Mustela_putorius,Mustela_erminea,Neogale_vison,Meles_meles,Odobenus_rosmarus,Callorhinus_ursinus,Eumetopias_jubatus,Halichoerus_grypus,Phoca_vitulina,Leptonychotes_weddellii,Mirounga_leonina,Mirounga_angustirostris,Neomonachus_schauinslandi,Ailuropoda_melanoleuca,Ursus_thibetanus,Ursus_americanus,Ursus_arctos,Ursus_maritimus"	0.16621	-4757.145865	83	1	0.16665	-4758.201457	83	1e-04	0.16665	-4756.672193	84	0.330396281918763	0.080314396794224	0.644715731160604	0.154106266745304
