""	"Group"	"test"	"back"	"RELAX_pval"	"RELAX_kval"	"aBSREL_pval"	"BUSTED_pval"	"RELAX_adj.pval"
"113"	"Carnivora"	"Acinonyx_jubatus"	"`Suricata_suricatta,Hyaena_hyaena,Node1,Puma_concolor,Puma_yagouaroundi,Node10,Node8,Lynx_rufus,Lynx_canadensis,Node13,Node7,Prionailurus_bengalensis,Prionailurus_viverrinus,Node17,Felis_catus,Node16,Node6,Leopardus_geoffroyi,Node5,Neofelis_nebulosa,Panthera_tigris,Panthera_leo,Panthera_pardus,Node27,Panthera_uncia,Node26,Node24,Node22,Node4,Nyctereutes_procyonoides,Vulpes_vulpes,Vulpes_lagopus,Node35,Node33,Canis_lupus,Node32,Lutra_lutra,Enhydra_lutris,Node44,Lontra_canadensis,Node43,Mustela_putorius,Mustela_erminea,Node49,Neogale_vison,Node48,Node42,Meles_meles,Node41,Odobenus_rosmarus,Callorhinus_ursinus,Eumetopias_jubatus,Zalophus_californianus,Node59,Node57,Node55,Halichoerus_grypus,Phoca_vitulina,Node63,Leptonychotes_weddellii,Mirounga_leonina,Mirounga_angustirostris,Node69,Node67,Neomonachus_schauinslandi,Node66,Node62,Node54,Node40,Ailuropoda_melanoleuca,Ursus_thibetanus,Ursus_americanus,Node76,Ursus_arctos,Ursus_maritimus,Node79,Node75,Node73,Node39,Node31`"	1	12.85	NA	0.5	1
"114"	"Carnivora"	"Ailuropoda_melanoleuca"	"`Suricata_suricatta,Hyaena_hyaena,Node1,Acinonyx_jubatus,Puma_concolor,Puma_yagouaroundi,Node10,Node8,Lynx_rufus,Lynx_canadensis,Node13,Node7,Prionailurus_bengalensis,Prionailurus_viverrinus,Node17,Felis_catus,Node16,Node6,Leopardus_geoffroyi,Node5,Neofelis_nebulosa,Panthera_tigris,Panthera_leo,Panthera_pardus,Node27,Panthera_uncia,Node26,Node24,Node22,Node4,Nyctereutes_procyonoides,Vulpes_vulpes,Vulpes_lagopus,Node35,Node33,Canis_lupus,Node32,Lutra_lutra,Enhydra_lutris,Node44,Lontra_canadensis,Node43,Mustela_putorius,Mustela_erminea,Node49,Neogale_vison,Node48,Node42,Meles_meles,Node41,Odobenus_rosmarus,Callorhinus_ursinus,Eumetopias_jubatus,Zalophus_californianus,Node59,Node57,Node55,Halichoerus_grypus,Phoca_vitulina,Node63,Leptonychotes_weddellii,Mirounga_leonina,Mirounga_angustirostris,Node69,Node67,Neomonachus_schauinslandi,Node66,Node62,Node54,Node40,Ursus_thibetanus,Ursus_americanus,Node76,Ursus_arctos,Ursus_maritimus,Node79,Node75,Node73,Node39,Node31`"	0.0523	0.21	NA	0.5	0.54915
"115"	"Carnivora"	"Callorhinus_ursinus"	"`Suricata_suricatta,Hyaena_hyaena,Node1,Acinonyx_jubatus,Puma_concolor,Puma_yagouaroundi,Node10,Node8,Lynx_rufus,Lynx_canadensis,Node13,Node7,Prionailurus_bengalensis,Prionailurus_viverrinus,Node17,Felis_catus,Node16,Node6,Leopardus_geoffroyi,Node5,Neofelis_nebulosa,Panthera_tigris,Panthera_leo,Panthera_pardus,Node27,Panthera_uncia,Node26,Node24,Node22,Node4,Nyctereutes_procyonoides,Vulpes_vulpes,Vulpes_lagopus,Node35,Node33,Canis_lupus,Node32,Lutra_lutra,Enhydra_lutris,Node44,Lontra_canadensis,Node43,Mustela_putorius,Mustela_erminea,Node49,Neogale_vison,Node48,Node42,Meles_meles,Node41,Odobenus_rosmarus,Eumetopias_jubatus,Zalophus_californianus,Node59,Node57,Node55,Halichoerus_grypus,Phoca_vitulina,Node63,Leptonychotes_weddellii,Mirounga_leonina,Mirounga_angustirostris,Node69,Node67,Neomonachus_schauinslandi,Node66,Node62,Node54,Node40,Ailuropoda_melanoleuca,Ursus_thibetanus,Ursus_americanus,Node76,Ursus_arctos,Ursus_maritimus,Node79,Node75,Node73,Node39,Node31`"	0.8514	12.03	NA	0.5	1
"116"	"Carnivora"	"Canis_lupus"	"`Suricata_suricatta,Hyaena_hyaena,Node1,Acinonyx_jubatus,Puma_concolor,Puma_yagouaroundi,Node10,Node8,Lynx_rufus,Lynx_canadensis,Node13,Node7,Prionailurus_bengalensis,Prionailurus_viverrinus,Node17,Felis_catus,Node16,Node6,Leopardus_geoffroyi,Node5,Neofelis_nebulosa,Panthera_tigris,Panthera_leo,Panthera_pardus,Node27,Panthera_uncia,Node26,Node24,Node22,Node4,Nyctereutes_procyonoides,Vulpes_vulpes,Vulpes_lagopus,Node35,Node33,Node32,Lutra_lutra,Enhydra_lutris,Node44,Lontra_canadensis,Node43,Mustela_putorius,Mustela_erminea,Node49,Neogale_vison,Node48,Node42,Meles_meles,Node41,Odobenus_rosmarus,Callorhinus_ursinus,Eumetopias_jubatus,Zalophus_californianus,Node59,Node57,Node55,Halichoerus_grypus,Phoca_vitulina,Node63,Leptonychotes_weddellii,Mirounga_leonina,Mirounga_angustirostris,Node69,Node67,Neomonachus_schauinslandi,Node66,Node62,Node54,Node40,Ailuropoda_melanoleuca,Ursus_thibetanus,Ursus_americanus,Node76,Ursus_arctos,Ursus_maritimus,Node79,Node75,Node73,Node39,Node31`"	0.6536	1.89	NA	0.5	0.9804
"117"	"Carnivora"	"Canis_lupus"	"`Suricata_suricatta,Hyaena_hyaena,Node1,Acinonyx_jubatus,Puma_concolor,Puma_yagouaroundi,Node10,Node8,Lynx_rufus,Lynx_canadensis,Node13,Node7,Prionailurus_bengalensis,Prionailurus_viverrinus,Node17,Felis_catus,Node16,Node6,Leopardus_geoffroyi,Node5,Neofelis_nebulosa,Panthera_tigris,Panthera_leo,Panthera_pardus,Node27,Panthera_uncia,Node26,Node24,Node22,Node4,Nyctereutes_procyonoides,Vulpes_vulpes,Vulpes_lagopus,Node35,Node33,Node32,Lutra_lutra,Enhydra_lutris,Node44,Lontra_canadensis,Node43,Mustela_putorius,Mustela_erminea,Node49,Neogale_vison,Node48,Node42,Meles_meles,Node41,Odobenus_rosmarus,Callorhinus_ursinus,Eumetopias_jubatus,Zalophus_californianus,Node59,Node57,Node55,Halichoerus_grypus,Phoca_vitulina,Node63,Leptonychotes_weddellii,Mirounga_leonina,Mirounga_angustirostris,Node69,Node67,Neomonachus_schauinslandi,Node66,Node62,Node54,Node40,Ailuropoda_melanoleuca,Ursus_thibetanus,Ursus_americanus,Node76,Ursus_arctos,Ursus_maritimus,Node79,Node75,Node73,Node39,Node31`"	0.6536	1.89	NA	0.5	0.9804
"118"	"Carnivora"	"Enhydra_lutris"	"`Suricata_suricatta,Hyaena_hyaena,Node1,Acinonyx_jubatus,Puma_concolor,Puma_yagouaroundi,Node10,Node8,Lynx_rufus,Lynx_canadensis,Node13,Node7,Prionailurus_bengalensis,Prionailurus_viverrinus,Node17,Felis_catus,Node16,Node6,Leopardus_geoffroyi,Node5,Neofelis_nebulosa,Panthera_tigris,Panthera_leo,Panthera_pardus,Node27,Panthera_uncia,Node26,Node24,Node22,Node4,Nyctereutes_procyonoides,Vulpes_vulpes,Vulpes_lagopus,Node35,Node33,Canis_lupus,Node32,Lutra_lutra,Node44,Lontra_canadensis,Node43,Mustela_putorius,Mustela_erminea,Node49,Neogale_vison,Node48,Node42,Meles_meles,Node41,Odobenus_rosmarus,Callorhinus_ursinus,Eumetopias_jubatus,Zalophus_californianus,Node59,Node57,Node55,Halichoerus_grypus,Phoca_vitulina,Node63,Leptonychotes_weddellii,Mirounga_leonina,Mirounga_angustirostris,Node69,Node67,Neomonachus_schauinslandi,Node66,Node62,Node54,Node40,Ailuropoda_melanoleuca,Ursus_thibetanus,Ursus_americanus,Node76,Ursus_arctos,Ursus_maritimus,Node79,Node75,Node73,Node39,Node31`"	0.7142	0.82	NA	0.5	1
"119"	"Carnivora"	"Eumetopias_jubatus"	"`Suricata_suricatta,Hyaena_hyaena,Node1,Acinonyx_jubatus,Puma_concolor,Puma_yagouaroundi,Node10,Node8,Lynx_rufus,Lynx_canadensis,Node13,Node7,Prionailurus_bengalensis,Prionailurus_viverrinus,Node17,Felis_catus,Node16,Node6,Leopardus_geoffroyi,Node5,Neofelis_nebulosa,Panthera_tigris,Panthera_leo,Panthera_pardus,Node27,Panthera_uncia,Node26,Node24,Node22,Node4,Nyctereutes_procyonoides,Vulpes_vulpes,Vulpes_lagopus,Node35,Node33,Canis_lupus,Node32,Lutra_lutra,Enhydra_lutris,Node44,Lontra_canadensis,Node43,Mustela_putorius,Mustela_erminea,Node49,Neogale_vison,Node48,Node42,Meles_meles,Node41,Odobenus_rosmarus,Callorhinus_ursinus,Zalophus_californianus,Node59,Node57,Node55,Halichoerus_grypus,Phoca_vitulina,Node63,Leptonychotes_weddellii,Mirounga_leonina,Mirounga_angustirostris,Node69,Node67,Neomonachus_schauinslandi,Node66,Node62,Node54,Node40,Ailuropoda_melanoleuca,Ursus_thibetanus,Ursus_americanus,Node76,Ursus_arctos,Ursus_maritimus,Node79,Node75,Node73,Node39,Node31`"	0.3096	50	NA	0.5	0.8665125
"120"	"Carnivora"	"Felis_catus"	"`Suricata_suricatta,Hyaena_hyaena,Node1,Acinonyx_jubatus,Puma_concolor,Puma_yagouaroundi,Node10,Node8,Lynx_rufus,Lynx_canadensis,Node13,Node7,Prionailurus_bengalensis,Prionailurus_viverrinus,Node17,Node16,Node6,Leopardus_geoffroyi,Node5,Neofelis_nebulosa,Panthera_tigris,Panthera_leo,Panthera_pardus,Node27,Panthera_uncia,Node26,Node24,Node22,Node4,Nyctereutes_procyonoides,Vulpes_vulpes,Vulpes_lagopus,Node35,Node33,Canis_lupus,Node32,Lutra_lutra,Enhydra_lutris,Node44,Lontra_canadensis,Node43,Mustela_putorius,Mustela_erminea,Node49,Neogale_vison,Node48,Node42,Meles_meles,Node41,Odobenus_rosmarus,Callorhinus_ursinus,Eumetopias_jubatus,Zalophus_californianus,Node59,Node57,Node55,Halichoerus_grypus,Phoca_vitulina,Node63,Leptonychotes_weddellii,Mirounga_leonina,Mirounga_angustirostris,Node69,Node67,Neomonachus_schauinslandi,Node66,Node62,Node54,Node40,Ailuropoda_melanoleuca,Ursus_thibetanus,Ursus_americanus,Node76,Ursus_arctos,Ursus_maritimus,Node79,Node75,Node73,Node39,Node31`"	0.2188	16.56	NA	0.4077	0.8665125
"121"	"Carnivora"	"Halichoerus_grypus"	"`Suricata_suricatta,Hyaena_hyaena,Node1,Acinonyx_jubatus,Puma_concolor,Puma_yagouaroundi,Node10,Node8,Lynx_rufus,Lynx_canadensis,Node13,Node7,Prionailurus_bengalensis,Prionailurus_viverrinus,Node17,Felis_catus,Node16,Node6,Leopardus_geoffroyi,Node5,Neofelis_nebulosa,Panthera_tigris,Panthera_leo,Panthera_pardus,Node27,Panthera_uncia,Node26,Node24,Node22,Node4,Nyctereutes_procyonoides,Vulpes_vulpes,Vulpes_lagopus,Node35,Node33,Canis_lupus,Node32,Lutra_lutra,Enhydra_lutris,Node44,Lontra_canadensis,Node43,Mustela_putorius,Mustela_erminea,Node49,Neogale_vison,Node48,Node42,Meles_meles,Node41,Odobenus_rosmarus,Callorhinus_ursinus,Eumetopias_jubatus,Zalophus_californianus,Node59,Node57,Node55,Phoca_vitulina,Node63,Leptonychotes_weddellii,Mirounga_leonina,Mirounga_angustirostris,Node69,Node67,Neomonachus_schauinslandi,Node66,Node62,Node54,Node40,Ailuropoda_melanoleuca,Ursus_thibetanus,Ursus_americanus,Node76,Ursus_arctos,Ursus_maritimus,Node79,Node75,Node73,Node39,Node31`"	1	0.98	NA	0.5	1
"122"	"Carnivora"	"Hyaena_hyaena"	"`Suricata_suricatta,Node1,Acinonyx_jubatus,Puma_concolor,Puma_yagouaroundi,Node10,Node8,Lynx_rufus,Lynx_canadensis,Node13,Node7,Prionailurus_bengalensis,Prionailurus_viverrinus,Node17,Felis_catus,Node16,Node6,Leopardus_geoffroyi,Node5,Neofelis_nebulosa,Panthera_tigris,Panthera_leo,Panthera_pardus,Node27,Panthera_uncia,Node26,Node24,Node22,Node4,Nyctereutes_procyonoides,Vulpes_vulpes,Vulpes_lagopus,Node35,Node33,Canis_lupus,Node32,Lutra_lutra,Enhydra_lutris,Node44,Lontra_canadensis,Node43,Mustela_putorius,Mustela_erminea,Node49,Neogale_vison,Node48,Node42,Meles_meles,Node41,Odobenus_rosmarus,Callorhinus_ursinus,Eumetopias_jubatus,Zalophus_californianus,Node59,Node57,Node55,Halichoerus_grypus,Phoca_vitulina,Node63,Leptonychotes_weddellii,Mirounga_leonina,Mirounga_angustirostris,Node69,Node67,Neomonachus_schauinslandi,Node66,Node62,Node54,Node40,Ailuropoda_melanoleuca,Ursus_thibetanus,Ursus_americanus,Node76,Ursus_arctos,Ursus_maritimus,Node79,Node75,Node73,Node39,Node31`"	0.0855	0.47	NA	0.4115	0.7182
"123"	"Carnivora"	"Leopardus_geoffroyi"	"`Suricata_suricatta,Hyaena_hyaena,Node1,Acinonyx_jubatus,Puma_concolor,Puma_yagouaroundi,Node10,Node8,Lynx_rufus,Lynx_canadensis,Node13,Node7,Prionailurus_bengalensis,Prionailurus_viverrinus,Node17,Felis_catus,Node16,Node6,Node5,Neofelis_nebulosa,Panthera_tigris,Panthera_leo,Panthera_pardus,Node27,Panthera_uncia,Node26,Node24,Node22,Node4,Nyctereutes_procyonoides,Vulpes_vulpes,Vulpes_lagopus,Node35,Node33,Canis_lupus,Node32,Lutra_lutra,Enhydra_lutris,Node44,Lontra_canadensis,Node43,Mustela_putorius,Mustela_erminea,Node49,Neogale_vison,Node48,Node42,Meles_meles,Node41,Odobenus_rosmarus,Callorhinus_ursinus,Eumetopias_jubatus,Zalophus_californianus,Node59,Node57,Node55,Halichoerus_grypus,Phoca_vitulina,Node63,Leptonychotes_weddellii,Mirounga_leonina,Mirounga_angustirostris,Node69,Node67,Neomonachus_schauinslandi,Node66,Node62,Node54,Node40,Ailuropoda_melanoleuca,Ursus_thibetanus,Ursus_americanus,Node76,Ursus_arctos,Ursus_maritimus,Node79,Node75,Node73,Node39,Node31`"	1	12.85	NA	0.5	1
"124"	"Carnivora"	"Leptonychotes_weddellii"	"`Suricata_suricatta,Hyaena_hyaena,Node1,Acinonyx_jubatus,Puma_concolor,Puma_yagouaroundi,Node10,Node8,Lynx_rufus,Lynx_canadensis,Node13,Node7,Prionailurus_bengalensis,Prionailurus_viverrinus,Node17,Felis_catus,Node16,Node6,Leopardus_geoffroyi,Node5,Neofelis_nebulosa,Panthera_tigris,Panthera_leo,Panthera_pardus,Node27,Panthera_uncia,Node26,Node24,Node22,Node4,Nyctereutes_procyonoides,Vulpes_vulpes,Vulpes_lagopus,Node35,Node33,Canis_lupus,Node32,Lutra_lutra,Enhydra_lutris,Node44,Lontra_canadensis,Node43,Mustela_putorius,Mustela_erminea,Node49,Neogale_vison,Node48,Node42,Meles_meles,Node41,Odobenus_rosmarus,Callorhinus_ursinus,Eumetopias_jubatus,Zalophus_californianus,Node59,Node57,Node55,Halichoerus_grypus,Phoca_vitulina,Node63,Mirounga_leonina,Mirounga_angustirostris,Node69,Node67,Neomonachus_schauinslandi,Node66,Node62,Node54,Node40,Ailuropoda_melanoleuca,Ursus_thibetanus,Ursus_americanus,Node76,Ursus_arctos,Ursus_maritimus,Node79,Node75,Node73,Node39,Node31`"	0.4106	7.48	0.00368	0.0234	0.89124
"125"	"Carnivora"	"Lontra_canadensis"	"`Suricata_suricatta,Hyaena_hyaena,Node1,Acinonyx_jubatus,Puma_concolor,Puma_yagouaroundi,Node10,Node8,Lynx_rufus,Lynx_canadensis,Node13,Node7,Prionailurus_bengalensis,Prionailurus_viverrinus,Node17,Felis_catus,Node16,Node6,Leopardus_geoffroyi,Node5,Neofelis_nebulosa,Panthera_tigris,Panthera_leo,Panthera_pardus,Node27,Panthera_uncia,Node26,Node24,Node22,Node4,Nyctereutes_procyonoides,Vulpes_vulpes,Vulpes_lagopus,Node35,Node33,Canis_lupus,Node32,Lutra_lutra,Enhydra_lutris,Node44,Node43,Mustela_putorius,Mustela_erminea,Node49,Neogale_vison,Node48,Node42,Meles_meles,Node41,Odobenus_rosmarus,Callorhinus_ursinus,Eumetopias_jubatus,Zalophus_californianus,Node59,Node57,Node55,Halichoerus_grypus,Phoca_vitulina,Node63,Leptonychotes_weddellii,Mirounga_leonina,Mirounga_angustirostris,Node69,Node67,Neomonachus_schauinslandi,Node66,Node62,Node54,Node40,Ailuropoda_melanoleuca,Ursus_thibetanus,Ursus_americanus,Node76,Ursus_arctos,Ursus_maritimus,Node79,Node75,Node73,Node39,Node31`"	0.4591	0	NA	0.5	0.89124
"126"	"Carnivora"	"Lutra_lutra"	"`Suricata_suricatta,Hyaena_hyaena,Node1,Acinonyx_jubatus,Puma_concolor,Puma_yagouaroundi,Node10,Node8,Lynx_rufus,Lynx_canadensis,Node13,Node7,Prionailurus_bengalensis,Prionailurus_viverrinus,Node17,Felis_catus,Node16,Node6,Leopardus_geoffroyi,Node5,Neofelis_nebulosa,Panthera_tigris,Panthera_leo,Panthera_pardus,Node27,Panthera_uncia,Node26,Node24,Node22,Node4,Nyctereutes_procyonoides,Vulpes_vulpes,Vulpes_lagopus,Node35,Node33,Canis_lupus,Node32,Enhydra_lutris,Node44,Lontra_canadensis,Node43,Mustela_putorius,Mustela_erminea,Node49,Neogale_vison,Node48,Node42,Meles_meles,Node41,Odobenus_rosmarus,Callorhinus_ursinus,Eumetopias_jubatus,Zalophus_californianus,Node59,Node57,Node55,Halichoerus_grypus,Phoca_vitulina,Node63,Leptonychotes_weddellii,Mirounga_leonina,Mirounga_angustirostris,Node69,Node67,Neomonachus_schauinslandi,Node66,Node62,Node54,Node40,Ailuropoda_melanoleuca,Ursus_thibetanus,Ursus_americanus,Node76,Ursus_arctos,Ursus_maritimus,Node79,Node75,Node73,Node39,Node31`"	0.9717	1.08	NA	0.3756	1
"127"	"Carnivora"	"Lynx_canadensis"	"`Suricata_suricatta,Hyaena_hyaena,Node1,Acinonyx_jubatus,Puma_concolor,Puma_yagouaroundi,Node10,Node8,Lynx_rufus,Node13,Node7,Prionailurus_bengalensis,Prionailurus_viverrinus,Node17,Felis_catus,Node16,Node6,Leopardus_geoffroyi,Node5,Neofelis_nebulosa,Panthera_tigris,Panthera_leo,Panthera_pardus,Node27,Panthera_uncia,Node26,Node24,Node22,Node4,Nyctereutes_procyonoides,Vulpes_vulpes,Vulpes_lagopus,Node35,Node33,Canis_lupus,Node32,Lutra_lutra,Enhydra_lutris,Node44,Lontra_canadensis,Node43,Mustela_putorius,Mustela_erminea,Node49,Neogale_vison,Node48,Node42,Meles_meles,Node41,Odobenus_rosmarus,Callorhinus_ursinus,Eumetopias_jubatus,Zalophus_californianus,Node59,Node57,Node55,Halichoerus_grypus,Phoca_vitulina,Node63,Leptonychotes_weddellii,Mirounga_leonina,Mirounga_angustirostris,Node69,Node67,Neomonachus_schauinslandi,Node66,Node62,Node54,Node40,Ailuropoda_melanoleuca,Ursus_thibetanus,Ursus_americanus,Node76,Ursus_arctos,Ursus_maritimus,Node79,Node75,Node73,Node39,Node31`"	0.8023	50	NA	0.5	1
"128"	"Carnivora"	"Lynx_rufus"	"`Suricata_suricatta,Hyaena_hyaena,Node1,Acinonyx_jubatus,Puma_concolor,Puma_yagouaroundi,Node10,Node8,Lynx_canadensis,Node13,Node7,Prionailurus_bengalensis,Prionailurus_viverrinus,Node17,Felis_catus,Node16,Node6,Leopardus_geoffroyi,Node5,Neofelis_nebulosa,Panthera_tigris,Panthera_leo,Panthera_pardus,Node27,Panthera_uncia,Node26,Node24,Node22,Node4,Nyctereutes_procyonoides,Vulpes_vulpes,Vulpes_lagopus,Node35,Node33,Canis_lupus,Node32,Lutra_lutra,Enhydra_lutris,Node44,Lontra_canadensis,Node43,Mustela_putorius,Mustela_erminea,Node49,Neogale_vison,Node48,Node42,Meles_meles,Node41,Odobenus_rosmarus,Callorhinus_ursinus,Eumetopias_jubatus,Zalophus_californianus,Node59,Node57,Node55,Halichoerus_grypus,Phoca_vitulina,Node63,Leptonychotes_weddellii,Mirounga_leonina,Mirounga_angustirostris,Node69,Node67,Neomonachus_schauinslandi,Node66,Node62,Node54,Node40,Ailuropoda_melanoleuca,Ursus_thibetanus,Ursus_americanus,Node76,Ursus_arctos,Ursus_maritimus,Node79,Node75,Node73,Node39,Node31`"	0.1307	50	NA	0.5	0.8665125
"129"	"Carnivora"	"Meles_meles"	"`Suricata_suricatta,Hyaena_hyaena,Node1,Acinonyx_jubatus,Puma_concolor,Puma_yagouaroundi,Node10,Node8,Lynx_rufus,Lynx_canadensis,Node13,Node7,Prionailurus_bengalensis,Prionailurus_viverrinus,Node17,Felis_catus,Node16,Node6,Leopardus_geoffroyi,Node5,Neofelis_nebulosa,Panthera_tigris,Panthera_leo,Panthera_pardus,Node27,Panthera_uncia,Node26,Node24,Node22,Node4,Nyctereutes_procyonoides,Vulpes_vulpes,Vulpes_lagopus,Node35,Node33,Canis_lupus,Node32,Lutra_lutra,Enhydra_lutris,Node44,Lontra_canadensis,Node43,Mustela_putorius,Mustela_erminea,Node49,Neogale_vison,Node48,Node42,Node41,Odobenus_rosmarus,Callorhinus_ursinus,Eumetopias_jubatus,Zalophus_californianus,Node59,Node57,Node55,Halichoerus_grypus,Phoca_vitulina,Node63,Leptonychotes_weddellii,Mirounga_leonina,Mirounga_angustirostris,Node69,Node67,Neomonachus_schauinslandi,Node66,Node62,Node54,Node40,Ailuropoda_melanoleuca,Ursus_thibetanus,Ursus_americanus,Node76,Ursus_arctos,Ursus_maritimus,Node79,Node75,Node73,Node39,Node31`"	0.2413	0.56	NA	0.5	0.8665125
"130"	"Carnivora"	"Mirounga_angustirostris"	"`Suricata_suricatta,Hyaena_hyaena,Node1,Acinonyx_jubatus,Puma_concolor,Puma_yagouaroundi,Node10,Node8,Lynx_rufus,Lynx_canadensis,Node13,Node7,Prionailurus_bengalensis,Prionailurus_viverrinus,Node17,Felis_catus,Node16,Node6,Leopardus_geoffroyi,Node5,Neofelis_nebulosa,Panthera_tigris,Panthera_leo,Panthera_pardus,Node27,Panthera_uncia,Node26,Node24,Node22,Node4,Nyctereutes_procyonoides,Vulpes_vulpes,Vulpes_lagopus,Node35,Node33,Canis_lupus,Node32,Lutra_lutra,Enhydra_lutris,Node44,Lontra_canadensis,Node43,Mustela_putorius,Mustela_erminea,Node49,Neogale_vison,Node48,Node42,Meles_meles,Node41,Odobenus_rosmarus,Callorhinus_ursinus,Eumetopias_jubatus,Zalophus_californianus,Node59,Node57,Node55,Halichoerus_grypus,Phoca_vitulina,Node63,Leptonychotes_weddellii,Mirounga_leonina,Node69,Node67,Neomonachus_schauinslandi,Node66,Node62,Node54,Node40,Ailuropoda_melanoleuca,Ursus_thibetanus,Ursus_americanus,Node76,Ursus_arctos,Ursus_maritimus,Node79,Node75,Node73,Node39,Node31`"	0.1813	50	NA	0.5	0.8665125
"131"	"Carnivora"	"Mirounga_leonina"	"`Suricata_suricatta,Hyaena_hyaena,Node1,Acinonyx_jubatus,Puma_concolor,Puma_yagouaroundi,Node10,Node8,Lynx_rufus,Lynx_canadensis,Node13,Node7,Prionailurus_bengalensis,Prionailurus_viverrinus,Node17,Felis_catus,Node16,Node6,Leopardus_geoffroyi,Node5,Neofelis_nebulosa,Panthera_tigris,Panthera_leo,Panthera_pardus,Node27,Panthera_uncia,Node26,Node24,Node22,Node4,Nyctereutes_procyonoides,Vulpes_vulpes,Vulpes_lagopus,Node35,Node33,Canis_lupus,Node32,Lutra_lutra,Enhydra_lutris,Node44,Lontra_canadensis,Node43,Mustela_putorius,Mustela_erminea,Node49,Neogale_vison,Node48,Node42,Meles_meles,Node41,Odobenus_rosmarus,Callorhinus_ursinus,Eumetopias_jubatus,Zalophus_californianus,Node59,Node57,Node55,Halichoerus_grypus,Phoca_vitulina,Node63,Leptonychotes_weddellii,Mirounga_angustirostris,Node69,Node67,Neomonachus_schauinslandi,Node66,Node62,Node54,Node40,Ailuropoda_melanoleuca,Ursus_thibetanus,Ursus_americanus,Node76,Ursus_arctos,Ursus_maritimus,Node79,Node75,Node73,Node39,Node31`"	0.6364	13.11	NA	0.5	0.9804
"132"	"Carnivora"	"Mustela_erminea"	"`Suricata_suricatta,Hyaena_hyaena,Node1,Acinonyx_jubatus,Puma_concolor,Puma_yagouaroundi,Node10,Node8,Lynx_rufus,Lynx_canadensis,Node13,Node7,Prionailurus_bengalensis,Prionailurus_viverrinus,Node17,Felis_catus,Node16,Node6,Leopardus_geoffroyi,Node5,Neofelis_nebulosa,Panthera_tigris,Panthera_leo,Panthera_pardus,Node27,Panthera_uncia,Node26,Node24,Node22,Node4,Nyctereutes_procyonoides,Vulpes_vulpes,Vulpes_lagopus,Node35,Node33,Canis_lupus,Node32,Lutra_lutra,Enhydra_lutris,Node44,Lontra_canadensis,Node43,Mustela_putorius,Node49,Neogale_vison,Node48,Node42,Meles_meles,Node41,Odobenus_rosmarus,Callorhinus_ursinus,Eumetopias_jubatus,Zalophus_californianus,Node59,Node57,Node55,Halichoerus_grypus,Phoca_vitulina,Node63,Leptonychotes_weddellii,Mirounga_leonina,Mirounga_angustirostris,Node69,Node67,Neomonachus_schauinslandi,Node66,Node62,Node54,Node40,Ailuropoda_melanoleuca,Ursus_thibetanus,Ursus_americanus,Node76,Ursus_arctos,Ursus_maritimus,Node79,Node75,Node73,Node39,Node31`"	0.1972	3.56	NA	0.5	0.8665125
"133"	"Carnivora"	"Mustela_putorius"	"`Suricata_suricatta,Hyaena_hyaena,Node1,Acinonyx_jubatus,Puma_concolor,Puma_yagouaroundi,Node10,Node8,Lynx_rufus,Lynx_canadensis,Node13,Node7,Prionailurus_bengalensis,Prionailurus_viverrinus,Node17,Felis_catus,Node16,Node6,Leopardus_geoffroyi,Node5,Neofelis_nebulosa,Panthera_tigris,Panthera_leo,Panthera_pardus,Node27,Panthera_uncia,Node26,Node24,Node22,Node4,Nyctereutes_procyonoides,Vulpes_vulpes,Vulpes_lagopus,Node35,Node33,Canis_lupus,Node32,Lutra_lutra,Enhydra_lutris,Node44,Lontra_canadensis,Node43,Mustela_erminea,Node49,Neogale_vison,Node48,Node42,Meles_meles,Node41,Odobenus_rosmarus,Callorhinus_ursinus,Eumetopias_jubatus,Zalophus_californianus,Node59,Node57,Node55,Halichoerus_grypus,Phoca_vitulina,Node63,Leptonychotes_weddellii,Mirounga_leonina,Mirounga_angustirostris,Node69,Node67,Neomonachus_schauinslandi,Node66,Node62,Node54,Node40,Ailuropoda_melanoleuca,Ursus_thibetanus,Ursus_americanus,Node76,Ursus_arctos,Ursus_maritimus,Node79,Node75,Node73,Node39,Node31`"	0.5207	0	NA	0.5	0.89124
"134"	"Carnivora"	"Neofelis_nebulosa"	"`Suricata_suricatta,Hyaena_hyaena,Node1,Acinonyx_jubatus,Puma_concolor,Puma_yagouaroundi,Node10,Node8,Lynx_rufus,Lynx_canadensis,Node13,Node7,Prionailurus_bengalensis,Prionailurus_viverrinus,Node17,Felis_catus,Node16,Node6,Leopardus_geoffroyi,Node5,Panthera_tigris,Panthera_leo,Panthera_pardus,Node27,Panthera_uncia,Node26,Node24,Node22,Node4,Nyctereutes_procyonoides,Vulpes_vulpes,Vulpes_lagopus,Node35,Node33,Canis_lupus,Node32,Lutra_lutra,Enhydra_lutris,Node44,Lontra_canadensis,Node43,Mustela_putorius,Mustela_erminea,Node49,Neogale_vison,Node48,Node42,Meles_meles,Node41,Odobenus_rosmarus,Callorhinus_ursinus,Eumetopias_jubatus,Zalophus_californianus,Node59,Node57,Node55,Halichoerus_grypus,Phoca_vitulina,Node63,Leptonychotes_weddellii,Mirounga_leonina,Mirounga_angustirostris,Node69,Node67,Neomonachus_schauinslandi,Node66,Node62,Node54,Node40,Ailuropoda_melanoleuca,Ursus_thibetanus,Ursus_americanus,Node76,Ursus_arctos,Ursus_maritimus,Node79,Node75,Node73,Node39,Node31`"	1	0.97	NA	0.5	1
"135"	"Carnivora"	"Neogale_vison"	"`Suricata_suricatta,Hyaena_hyaena,Node1,Acinonyx_jubatus,Puma_concolor,Puma_yagouaroundi,Node10,Node8,Lynx_rufus,Lynx_canadensis,Node13,Node7,Prionailurus_bengalensis,Prionailurus_viverrinus,Node17,Felis_catus,Node16,Node6,Leopardus_geoffroyi,Node5,Neofelis_nebulosa,Panthera_tigris,Panthera_leo,Panthera_pardus,Node27,Panthera_uncia,Node26,Node24,Node22,Node4,Nyctereutes_procyonoides,Vulpes_vulpes,Vulpes_lagopus,Node35,Node33,Canis_lupus,Node32,Lutra_lutra,Enhydra_lutris,Node44,Lontra_canadensis,Node43,Mustela_putorius,Mustela_erminea,Node49,Node48,Node42,Meles_meles,Node41,Odobenus_rosmarus,Callorhinus_ursinus,Eumetopias_jubatus,Zalophus_californianus,Node59,Node57,Node55,Halichoerus_grypus,Phoca_vitulina,Node63,Leptonychotes_weddellii,Mirounga_leonina,Mirounga_angustirostris,Node69,Node67,Neomonachus_schauinslandi,Node66,Node62,Node54,Node40,Ailuropoda_melanoleuca,Ursus_thibetanus,Ursus_americanus,Node76,Ursus_arctos,Ursus_maritimus,Node79,Node75,Node73,Node39,Node31`"	0.38	0.37	NA	0.5	0.89124
"136"	"Carnivora"	"Neomonachus_schauinslandi"	"`Suricata_suricatta,Hyaena_hyaena,Node1,Acinonyx_jubatus,Puma_concolor,Puma_yagouaroundi,Node10,Node8,Lynx_rufus,Lynx_canadensis,Node13,Node7,Prionailurus_bengalensis,Prionailurus_viverrinus,Node17,Felis_catus,Node16,Node6,Leopardus_geoffroyi,Node5,Neofelis_nebulosa,Panthera_tigris,Panthera_leo,Panthera_pardus,Node27,Panthera_uncia,Node26,Node24,Node22,Node4,Nyctereutes_procyonoides,Vulpes_vulpes,Vulpes_lagopus,Node35,Node33,Canis_lupus,Node32,Lutra_lutra,Enhydra_lutris,Node44,Lontra_canadensis,Node43,Mustela_putorius,Mustela_erminea,Node49,Neogale_vison,Node48,Node42,Meles_meles,Node41,Odobenus_rosmarus,Callorhinus_ursinus,Eumetopias_jubatus,Zalophus_californianus,Node59,Node57,Node55,Halichoerus_grypus,Phoca_vitulina,Node63,Leptonychotes_weddellii,Mirounga_leonina,Mirounga_angustirostris,Node69,Node67,Node66,Node62,Node54,Node40,Ailuropoda_melanoleuca,Ursus_thibetanus,Ursus_americanus,Node76,Ursus_arctos,Ursus_maritimus,Node79,Node75,Node73,Node39,Node31`"	0.5258	2.91	NA	0.5	0.89124
"137"	"Carnivora"	"Nyctereutes_procyonoides"	"`Suricata_suricatta,Hyaena_hyaena,Node1,Acinonyx_jubatus,Puma_concolor,Puma_yagouaroundi,Node10,Node8,Lynx_rufus,Lynx_canadensis,Node13,Node7,Prionailurus_bengalensis,Prionailurus_viverrinus,Node17,Felis_catus,Node16,Node6,Leopardus_geoffroyi,Node5,Neofelis_nebulosa,Panthera_tigris,Panthera_leo,Panthera_pardus,Node27,Panthera_uncia,Node26,Node24,Node22,Node4,Vulpes_vulpes,Vulpes_lagopus,Node35,Node33,Canis_lupus,Node32,Lutra_lutra,Enhydra_lutris,Node44,Lontra_canadensis,Node43,Mustela_putorius,Mustela_erminea,Node49,Neogale_vison,Node48,Node42,Meles_meles,Node41,Odobenus_rosmarus,Callorhinus_ursinus,Eumetopias_jubatus,Zalophus_californianus,Node59,Node57,Node55,Halichoerus_grypus,Phoca_vitulina,Node63,Leptonychotes_weddellii,Mirounga_leonina,Mirounga_angustirostris,Node69,Node67,Neomonachus_schauinslandi,Node66,Node62,Node54,Node40,Ailuropoda_melanoleuca,Ursus_thibetanus,Ursus_americanus,Node76,Ursus_arctos,Ursus_maritimus,Node79,Node75,Node73,Node39,Node31`"	0.0026	50	NA	0.5	0.1092
"138"	"Carnivora"	"Odobenus_rosmarus"	"`Suricata_suricatta,Hyaena_hyaena,Node1,Acinonyx_jubatus,Puma_concolor,Puma_yagouaroundi,Node10,Node8,Lynx_rufus,Lynx_canadensis,Node13,Node7,Prionailurus_bengalensis,Prionailurus_viverrinus,Node17,Felis_catus,Node16,Node6,Leopardus_geoffroyi,Node5,Neofelis_nebulosa,Panthera_tigris,Panthera_leo,Panthera_pardus,Node27,Panthera_uncia,Node26,Node24,Node22,Node4,Nyctereutes_procyonoides,Vulpes_vulpes,Vulpes_lagopus,Node35,Node33,Canis_lupus,Node32,Lutra_lutra,Enhydra_lutris,Node44,Lontra_canadensis,Node43,Mustela_putorius,Mustela_erminea,Node49,Neogale_vison,Node48,Node42,Meles_meles,Node41,Callorhinus_ursinus,Eumetopias_jubatus,Zalophus_californianus,Node59,Node57,Node55,Halichoerus_grypus,Phoca_vitulina,Node63,Leptonychotes_weddellii,Mirounga_leonina,Mirounga_angustirostris,Node69,Node67,Neomonachus_schauinslandi,Node66,Node62,Node54,Node40,Ailuropoda_melanoleuca,Ursus_thibetanus,Ursus_americanus,Node76,Ursus_arctos,Ursus_maritimus,Node79,Node75,Node73,Node39,Node31`"	0.0466	50	NA	0.4923	0.54915
"139"	"Carnivora"	"Panthera_leo"	"`Suricata_suricatta,Hyaena_hyaena,Node1,Acinonyx_jubatus,Puma_concolor,Puma_yagouaroundi,Node10,Node8,Lynx_rufus,Lynx_canadensis,Node13,Node7,Prionailurus_bengalensis,Prionailurus_viverrinus,Node17,Felis_catus,Node16,Node6,Leopardus_geoffroyi,Node5,Neofelis_nebulosa,Panthera_tigris,Panthera_pardus,Node27,Panthera_uncia,Node26,Node24,Node22,Node4,Nyctereutes_procyonoides,Vulpes_vulpes,Vulpes_lagopus,Node35,Node33,Canis_lupus,Node32,Lutra_lutra,Enhydra_lutris,Node44,Lontra_canadensis,Node43,Mustela_putorius,Mustela_erminea,Node49,Neogale_vison,Node48,Node42,Meles_meles,Node41,Odobenus_rosmarus,Callorhinus_ursinus,Eumetopias_jubatus,Zalophus_californianus,Node59,Node57,Node55,Halichoerus_grypus,Phoca_vitulina,Node63,Leptonychotes_weddellii,Mirounga_leonina,Mirounga_angustirostris,Node69,Node67,Neomonachus_schauinslandi,Node66,Node62,Node54,Node40,Ailuropoda_melanoleuca,Ursus_thibetanus,Ursus_americanus,Node76,Ursus_arctos,Ursus_maritimus,Node79,Node75,Node73,Node39,Node31`"	0.5305	19.96	NA	0.5	0.89124
"140"	"Carnivora"	"Panthera_pardus"	"`Suricata_suricatta,Hyaena_hyaena,Node1,Acinonyx_jubatus,Puma_concolor,Puma_yagouaroundi,Node10,Node8,Lynx_rufus,Lynx_canadensis,Node13,Node7,Prionailurus_bengalensis,Prionailurus_viverrinus,Node17,Felis_catus,Node16,Node6,Leopardus_geoffroyi,Node5,Neofelis_nebulosa,Panthera_tigris,Panthera_leo,Node27,Panthera_uncia,Node26,Node24,Node22,Node4,Nyctereutes_procyonoides,Vulpes_vulpes,Vulpes_lagopus,Node35,Node33,Canis_lupus,Node32,Lutra_lutra,Enhydra_lutris,Node44,Lontra_canadensis,Node43,Mustela_putorius,Mustela_erminea,Node49,Neogale_vison,Node48,Node42,Meles_meles,Node41,Odobenus_rosmarus,Callorhinus_ursinus,Eumetopias_jubatus,Zalophus_californianus,Node59,Node57,Node55,Halichoerus_grypus,Phoca_vitulina,Node63,Leptonychotes_weddellii,Mirounga_leonina,Mirounga_angustirostris,Node69,Node67,Neomonachus_schauinslandi,Node66,Node62,Node54,Node40,Ailuropoda_melanoleuca,Ursus_thibetanus,Ursus_americanus,Node76,Ursus_arctos,Ursus_maritimus,Node79,Node75,Node73,Node39,Node31`"	0.0316	50	NA	0.5	0.54915
"141"	"Carnivora"	"Panthera_tigris"	"`Suricata_suricatta,Hyaena_hyaena,Node1,Acinonyx_jubatus,Puma_concolor,Puma_yagouaroundi,Node10,Node8,Lynx_rufus,Lynx_canadensis,Node13,Node7,Prionailurus_bengalensis,Prionailurus_viverrinus,Node17,Felis_catus,Node16,Node6,Leopardus_geoffroyi,Node5,Neofelis_nebulosa,Panthera_leo,Panthera_pardus,Node27,Panthera_uncia,Node26,Node24,Node22,Node4,Nyctereutes_procyonoides,Vulpes_vulpes,Vulpes_lagopus,Node35,Node33,Canis_lupus,Node32,Lutra_lutra,Enhydra_lutris,Node44,Lontra_canadensis,Node43,Mustela_putorius,Mustela_erminea,Node49,Neogale_vison,Node48,Node42,Meles_meles,Node41,Odobenus_rosmarus,Callorhinus_ursinus,Eumetopias_jubatus,Zalophus_californianus,Node59,Node57,Node55,Halichoerus_grypus,Phoca_vitulina,Node63,Leptonychotes_weddellii,Mirounga_leonina,Mirounga_angustirostris,Node69,Node67,Neomonachus_schauinslandi,Node66,Node62,Node54,Node40,Ailuropoda_melanoleuca,Ursus_thibetanus,Ursus_americanus,Node76,Ursus_arctos,Ursus_maritimus,Node79,Node75,Node73,Node39,Node31`"	0.262	50	NA	0.5	0.8665125
"142"	"Carnivora"	"Panthera_uncia"	"`Suricata_suricatta,Hyaena_hyaena,Node1,Acinonyx_jubatus,Puma_concolor,Puma_yagouaroundi,Node10,Node8,Lynx_rufus,Lynx_canadensis,Node13,Node7,Prionailurus_bengalensis,Prionailurus_viverrinus,Node17,Felis_catus,Node16,Node6,Leopardus_geoffroyi,Node5,Neofelis_nebulosa,Panthera_tigris,Panthera_leo,Panthera_pardus,Node27,Node26,Node24,Node22,Node4,Nyctereutes_procyonoides,Vulpes_vulpes,Vulpes_lagopus,Node35,Node33,Canis_lupus,Node32,Lutra_lutra,Enhydra_lutris,Node44,Lontra_canadensis,Node43,Mustela_putorius,Mustela_erminea,Node49,Neogale_vison,Node48,Node42,Meles_meles,Node41,Odobenus_rosmarus,Callorhinus_ursinus,Eumetopias_jubatus,Zalophus_californianus,Node59,Node57,Node55,Halichoerus_grypus,Phoca_vitulina,Node63,Leptonychotes_weddellii,Mirounga_leonina,Mirounga_angustirostris,Node69,Node67,Neomonachus_schauinslandi,Node66,Node62,Node54,Node40,Ailuropoda_melanoleuca,Ursus_thibetanus,Ursus_americanus,Node76,Ursus_arctos,Ursus_maritimus,Node79,Node75,Node73,Node39,Node31`"	1	0.63	NA	0.5	1
"143"	"Carnivora"	"Phoca_vitulina"	"`Suricata_suricatta,Hyaena_hyaena,Node1,Acinonyx_jubatus,Puma_concolor,Puma_yagouaroundi,Node10,Node8,Lynx_rufus,Lynx_canadensis,Node13,Node7,Prionailurus_bengalensis,Prionailurus_viverrinus,Node17,Felis_catus,Node16,Node6,Leopardus_geoffroyi,Node5,Neofelis_nebulosa,Panthera_tigris,Panthera_leo,Panthera_pardus,Node27,Panthera_uncia,Node26,Node24,Node22,Node4,Nyctereutes_procyonoides,Vulpes_vulpes,Vulpes_lagopus,Node35,Node33,Canis_lupus,Node32,Lutra_lutra,Enhydra_lutris,Node44,Lontra_canadensis,Node43,Mustela_putorius,Mustela_erminea,Node49,Neogale_vison,Node48,Node42,Meles_meles,Node41,Odobenus_rosmarus,Callorhinus_ursinus,Eumetopias_jubatus,Zalophus_californianus,Node59,Node57,Node55,Halichoerus_grypus,Node63,Leptonychotes_weddellii,Mirounga_leonina,Mirounga_angustirostris,Node69,Node67,Neomonachus_schauinslandi,Node66,Node62,Node54,Node40,Ailuropoda_melanoleuca,Ursus_thibetanus,Ursus_americanus,Node76,Ursus_arctos,Ursus_maritimus,Node79,Node75,Node73,Node39,Node31`"	0.797	0.32	NA	0.4975	1
"144"	"Carnivora"	"Prionailurus_bengalensis"	"`Suricata_suricatta,Hyaena_hyaena,Node1,Acinonyx_jubatus,Puma_concolor,Puma_yagouaroundi,Node10,Node8,Lynx_rufus,Lynx_canadensis,Node13,Node7,Prionailurus_viverrinus,Node17,Felis_catus,Node16,Node6,Leopardus_geoffroyi,Node5,Neofelis_nebulosa,Panthera_tigris,Panthera_leo,Panthera_pardus,Node27,Panthera_uncia,Node26,Node24,Node22,Node4,Nyctereutes_procyonoides,Vulpes_vulpes,Vulpes_lagopus,Node35,Node33,Canis_lupus,Node32,Lutra_lutra,Enhydra_lutris,Node44,Lontra_canadensis,Node43,Mustela_putorius,Mustela_erminea,Node49,Neogale_vison,Node48,Node42,Meles_meles,Node41,Odobenus_rosmarus,Callorhinus_ursinus,Eumetopias_jubatus,Zalophus_californianus,Node59,Node57,Node55,Halichoerus_grypus,Phoca_vitulina,Node63,Leptonychotes_weddellii,Mirounga_leonina,Mirounga_angustirostris,Node69,Node67,Neomonachus_schauinslandi,Node66,Node62,Node54,Node40,Ailuropoda_melanoleuca,Ursus_thibetanus,Ursus_americanus,Node76,Ursus_arctos,Ursus_maritimus,Node79,Node75,Node73,Node39,Node31`"	0.4227	50	NA	0.5	0.89124
"145"	"Carnivora"	"Prionailurus_viverrinus"	"`Suricata_suricatta,Hyaena_hyaena,Node1,Acinonyx_jubatus,Puma_concolor,Puma_yagouaroundi,Node10,Node8,Lynx_rufus,Lynx_canadensis,Node13,Node7,Prionailurus_bengalensis,Node17,Felis_catus,Node16,Node6,Leopardus_geoffroyi,Node5,Neofelis_nebulosa,Panthera_tigris,Panthera_leo,Panthera_pardus,Node27,Panthera_uncia,Node26,Node24,Node22,Node4,Nyctereutes_procyonoides,Vulpes_vulpes,Vulpes_lagopus,Node35,Node33,Canis_lupus,Node32,Lutra_lutra,Enhydra_lutris,Node44,Lontra_canadensis,Node43,Mustela_putorius,Mustela_erminea,Node49,Neogale_vison,Node48,Node42,Meles_meles,Node41,Odobenus_rosmarus,Callorhinus_ursinus,Eumetopias_jubatus,Zalophus_californianus,Node59,Node57,Node55,Halichoerus_grypus,Phoca_vitulina,Node63,Leptonychotes_weddellii,Mirounga_leonina,Mirounga_angustirostris,Node69,Node67,Neomonachus_schauinslandi,Node66,Node62,Node54,Node40,Ailuropoda_melanoleuca,Ursus_thibetanus,Ursus_americanus,Node76,Ursus_arctos,Ursus_maritimus,Node79,Node75,Node73,Node39,Node31`"	1	0.88	NA	0.5	1
"146"	"Carnivora"	"Puma_concolor"	"`Suricata_suricatta,Hyaena_hyaena,Node1,Acinonyx_jubatus,Puma_yagouaroundi,Node10,Node8,Lynx_rufus,Lynx_canadensis,Node13,Node7,Prionailurus_bengalensis,Prionailurus_viverrinus,Node17,Felis_catus,Node16,Node6,Leopardus_geoffroyi,Node5,Neofelis_nebulosa,Panthera_tigris,Panthera_leo,Panthera_pardus,Node27,Panthera_uncia,Node26,Node24,Node22,Node4,Nyctereutes_procyonoides,Vulpes_vulpes,Vulpes_lagopus,Node35,Node33,Canis_lupus,Node32,Lutra_lutra,Enhydra_lutris,Node44,Lontra_canadensis,Node43,Mustela_putorius,Mustela_erminea,Node49,Neogale_vison,Node48,Node42,Meles_meles,Node41,Odobenus_rosmarus,Callorhinus_ursinus,Eumetopias_jubatus,Zalophus_californianus,Node59,Node57,Node55,Halichoerus_grypus,Phoca_vitulina,Node63,Leptonychotes_weddellii,Mirounga_leonina,Mirounga_angustirostris,Node69,Node67,Neomonachus_schauinslandi,Node66,Node62,Node54,Node40,Ailuropoda_melanoleuca,Ursus_thibetanus,Ursus_americanus,Node76,Ursus_arctos,Ursus_maritimus,Node79,Node75,Node73,Node39,Node31`"	0.4742	21.31	NA	0.5	0.89124
"147"	"Carnivora"	"Puma_yagouaroundi"	"`Suricata_suricatta,Hyaena_hyaena,Node1,Acinonyx_jubatus,Puma_concolor,Node10,Node8,Lynx_rufus,Lynx_canadensis,Node13,Node7,Prionailurus_bengalensis,Prionailurus_viverrinus,Node17,Felis_catus,Node16,Node6,Leopardus_geoffroyi,Node5,Neofelis_nebulosa,Panthera_tigris,Panthera_leo,Panthera_pardus,Node27,Panthera_uncia,Node26,Node24,Node22,Node4,Nyctereutes_procyonoides,Vulpes_vulpes,Vulpes_lagopus,Node35,Node33,Canis_lupus,Node32,Lutra_lutra,Enhydra_lutris,Node44,Lontra_canadensis,Node43,Mustela_putorius,Mustela_erminea,Node49,Neogale_vison,Node48,Node42,Meles_meles,Node41,Odobenus_rosmarus,Callorhinus_ursinus,Eumetopias_jubatus,Zalophus_californianus,Node59,Node57,Node55,Halichoerus_grypus,Phoca_vitulina,Node63,Leptonychotes_weddellii,Mirounga_leonina,Mirounga_angustirostris,Node69,Node67,Neomonachus_schauinslandi,Node66,Node62,Node54,Node40,Ailuropoda_melanoleuca,Ursus_thibetanus,Ursus_americanus,Node76,Ursus_arctos,Ursus_maritimus,Node79,Node75,Node73,Node39,Node31`"	0.5221	0	NA	0.5	0.89124
"148"	"Carnivora"	"Suricata_suricatta"	"`Hyaena_hyaena,Node1,Acinonyx_jubatus,Puma_concolor,Puma_yagouaroundi,Node10,Node8,Lynx_rufus,Lynx_canadensis,Node13,Node7,Prionailurus_bengalensis,Prionailurus_viverrinus,Node17,Felis_catus,Node16,Node6,Leopardus_geoffroyi,Node5,Neofelis_nebulosa,Panthera_tigris,Panthera_leo,Panthera_pardus,Node27,Panthera_uncia,Node26,Node24,Node22,Node4,Nyctereutes_procyonoides,Vulpes_vulpes,Vulpes_lagopus,Node35,Node33,Canis_lupus,Node32,Lutra_lutra,Enhydra_lutris,Node44,Lontra_canadensis,Node43,Mustela_putorius,Mustela_erminea,Node49,Neogale_vison,Node48,Node42,Meles_meles,Node41,Odobenus_rosmarus,Callorhinus_ursinus,Eumetopias_jubatus,Zalophus_californianus,Node59,Node57,Node55,Halichoerus_grypus,Phoca_vitulina,Node63,Leptonychotes_weddellii,Mirounga_leonina,Mirounga_angustirostris,Node69,Node67,Neomonachus_schauinslandi,Node66,Node62,Node54,Node40,Ailuropoda_melanoleuca,Ursus_thibetanus,Ursus_americanus,Node76,Ursus_arctos,Ursus_maritimus,Node79,Node75,Node73,Node39,Node31`"	0.1739	1.5	NA	0.5	0.8665125
"149"	"Carnivora"	"Ursus_americanus"	"`Suricata_suricatta,Hyaena_hyaena,Node1,Acinonyx_jubatus,Puma_concolor,Puma_yagouaroundi,Node10,Node8,Lynx_rufus,Lynx_canadensis,Node13,Node7,Prionailurus_bengalensis,Prionailurus_viverrinus,Node17,Felis_catus,Node16,Node6,Leopardus_geoffroyi,Node5,Neofelis_nebulosa,Panthera_tigris,Panthera_leo,Panthera_pardus,Node27,Panthera_uncia,Node26,Node24,Node22,Node4,Nyctereutes_procyonoides,Vulpes_vulpes,Vulpes_lagopus,Node35,Node33,Canis_lupus,Node32,Lutra_lutra,Enhydra_lutris,Node44,Lontra_canadensis,Node43,Mustela_putorius,Mustela_erminea,Node49,Neogale_vison,Node48,Node42,Meles_meles,Node41,Odobenus_rosmarus,Callorhinus_ursinus,Eumetopias_jubatus,Zalophus_californianus,Node59,Node57,Node55,Halichoerus_grypus,Phoca_vitulina,Node63,Leptonychotes_weddellii,Mirounga_leonina,Mirounga_angustirostris,Node69,Node67,Neomonachus_schauinslandi,Node66,Node62,Node54,Node40,Ailuropoda_melanoleuca,Ursus_thibetanus,Node76,Ursus_arctos,Ursus_maritimus,Node79,Node75,Node73,Node39,Node31`"	NA	50	NA	0.5	NA
"150"	"Carnivora"	"Ursus_arctos"	"`Suricata_suricatta,Hyaena_hyaena,Node1,Acinonyx_jubatus,Puma_concolor,Puma_yagouaroundi,Node10,Node8,Lynx_rufus,Lynx_canadensis,Node13,Node7,Prionailurus_bengalensis,Prionailurus_viverrinus,Node17,Felis_catus,Node16,Node6,Leopardus_geoffroyi,Node5,Neofelis_nebulosa,Panthera_tigris,Panthera_leo,Panthera_pardus,Node27,Panthera_uncia,Node26,Node24,Node22,Node4,Nyctereutes_procyonoides,Vulpes_vulpes,Vulpes_lagopus,Node35,Node33,Canis_lupus,Node32,Lutra_lutra,Enhydra_lutris,Node44,Lontra_canadensis,Node43,Mustela_putorius,Mustela_erminea,Node49,Neogale_vison,Node48,Node42,Meles_meles,Node41,Odobenus_rosmarus,Callorhinus_ursinus,Eumetopias_jubatus,Zalophus_californianus,Node59,Node57,Node55,Halichoerus_grypus,Phoca_vitulina,Node63,Leptonychotes_weddellii,Mirounga_leonina,Mirounga_angustirostris,Node69,Node67,Neomonachus_schauinslandi,Node66,Node62,Node54,Node40,Ailuropoda_melanoleuca,Ursus_thibetanus,Ursus_americanus,Node76,Ursus_maritimus,Node79,Node75,Node73,Node39,Node31`"	1	1.18	NA	0.5	1
"151"	"Carnivora"	"Ursus_maritimus"	"`Suricata_suricatta,Hyaena_hyaena,Node1,Acinonyx_jubatus,Puma_concolor,Puma_yagouaroundi,Node10,Node8,Lynx_rufus,Lynx_canadensis,Node13,Node7,Prionailurus_bengalensis,Prionailurus_viverrinus,Node17,Felis_catus,Node16,Node6,Leopardus_geoffroyi,Node5,Neofelis_nebulosa,Panthera_tigris,Panthera_leo,Panthera_pardus,Node27,Panthera_uncia,Node26,Node24,Node22,Node4,Nyctereutes_procyonoides,Vulpes_vulpes,Vulpes_lagopus,Node35,Node33,Canis_lupus,Node32,Lutra_lutra,Enhydra_lutris,Node44,Lontra_canadensis,Node43,Mustela_putorius,Mustela_erminea,Node49,Neogale_vison,Node48,Node42,Meles_meles,Node41,Odobenus_rosmarus,Callorhinus_ursinus,Eumetopias_jubatus,Zalophus_californianus,Node59,Node57,Node55,Halichoerus_grypus,Phoca_vitulina,Node63,Leptonychotes_weddellii,Mirounga_leonina,Mirounga_angustirostris,Node69,Node67,Neomonachus_schauinslandi,Node66,Node62,Node54,Node40,Ailuropoda_melanoleuca,Ursus_thibetanus,Ursus_americanus,Node76,Ursus_arctos,Node79,Node75,Node73,Node39,Node31`"	1	1.06	NA	0.5	1
"152"	"Carnivora"	"Vulpes_lagopus"	"`Suricata_suricatta,Hyaena_hyaena,Node1,Acinonyx_jubatus,Puma_concolor,Puma_yagouaroundi,Node10,Node8,Lynx_rufus,Lynx_canadensis,Node13,Node7,Prionailurus_bengalensis,Prionailurus_viverrinus,Node17,Felis_catus,Node16,Node6,Leopardus_geoffroyi,Node5,Neofelis_nebulosa,Panthera_tigris,Panthera_leo,Panthera_pardus,Node27,Panthera_uncia,Node26,Node24,Node22,Node4,Nyctereutes_procyonoides,Vulpes_vulpes,Node35,Node33,Canis_lupus,Node32,Lutra_lutra,Enhydra_lutris,Node44,Lontra_canadensis,Node43,Mustela_putorius,Mustela_erminea,Node49,Neogale_vison,Node48,Node42,Meles_meles,Node41,Odobenus_rosmarus,Callorhinus_ursinus,Eumetopias_jubatus,Zalophus_californianus,Node59,Node57,Node55,Halichoerus_grypus,Phoca_vitulina,Node63,Leptonychotes_weddellii,Mirounga_leonina,Mirounga_angustirostris,Node69,Node67,Neomonachus_schauinslandi,Node66,Node62,Node54,Node40,Ailuropoda_melanoleuca,Ursus_thibetanus,Ursus_americanus,Node76,Ursus_arctos,Ursus_maritimus,Node79,Node75,Node73,Node39,Node31`"	0.9707	0.96	NA	0.5	1
"153"	"Carnivora"	"Vulpes_vulpes"	"`Suricata_suricatta,Hyaena_hyaena,Node1,Acinonyx_jubatus,Puma_concolor,Puma_yagouaroundi,Node10,Node8,Lynx_rufus,Lynx_canadensis,Node13,Node7,Prionailurus_bengalensis,Prionailurus_viverrinus,Node17,Felis_catus,Node16,Node6,Leopardus_geoffroyi,Node5,Neofelis_nebulosa,Panthera_tigris,Panthera_leo,Panthera_pardus,Node27,Panthera_uncia,Node26,Node24,Node22,Node4,Nyctereutes_procyonoides,Vulpes_lagopus,Node35,Node33,Canis_lupus,Node32,Lutra_lutra,Enhydra_lutris,Node44,Lontra_canadensis,Node43,Mustela_putorius,Mustela_erminea,Node49,Neogale_vison,Node48,Node42,Meles_meles,Node41,Odobenus_rosmarus,Callorhinus_ursinus,Eumetopias_jubatus,Zalophus_californianus,Node59,Node57,Node55,Halichoerus_grypus,Phoca_vitulina,Node63,Leptonychotes_weddellii,Mirounga_leonina,Mirounga_angustirostris,Node69,Node67,Neomonachus_schauinslandi,Node66,Node62,Node54,Node40,Ailuropoda_melanoleuca,Ursus_thibetanus,Ursus_americanus,Node76,Ursus_arctos,Ursus_maritimus,Node79,Node75,Node73,Node39,Node31`"	0.3301	49.92	NA	0.5	0.8665125
"154"	"Carnivora"	"Zalophus_californianus"	"`Suricata_suricatta,Hyaena_hyaena,Node1,Acinonyx_jubatus,Puma_concolor,Puma_yagouaroundi,Node10,Node8,Lynx_rufus,Lynx_canadensis,Node13,Node7,Prionailurus_bengalensis,Prionailurus_viverrinus,Node17,Felis_catus,Node16,Node6,Leopardus_geoffroyi,Node5,Neofelis_nebulosa,Panthera_tigris,Panthera_leo,Panthera_pardus,Node27,Panthera_uncia,Node26,Node24,Node22,Node4,Nyctereutes_procyonoides,Vulpes_vulpes,Vulpes_lagopus,Node35,Node33,Canis_lupus,Node32,Lutra_lutra,Enhydra_lutris,Node44,Lontra_canadensis,Node43,Mustela_putorius,Mustela_erminea,Node49,Neogale_vison,Node48,Node42,Meles_meles,Node41,Odobenus_rosmarus,Callorhinus_ursinus,Eumetopias_jubatus,Node59,Node57,Node55,Halichoerus_grypus,Phoca_vitulina,Node63,Leptonychotes_weddellii,Mirounga_leonina,Mirounga_angustirostris,Node69,Node67,Neomonachus_schauinslandi,Node66,Node62,Node54,Node40,Ailuropoda_melanoleuca,Ursus_thibetanus,Ursus_americanus,Node76,Ursus_arctos,Ursus_maritimus,Node79,Node75,Node73,Node39,Node31`"	0.3094	50	NA	0.5	0.8665125
"155"	"Carnivora"	"Ursus_thibetanus"	"`Suricata_suricatta,Hyaena_hyaena,Node1,Acinonyx_jubatus,Puma_concolor,Puma_yagouaroundi,Node10,Node8,Lynx_rufus,Lynx_canadensis,Node13,Node7,Prionailurus_bengalensis,Prionailurus_viverrinus,Node17,Felis_catus,Node16,Node6,Leopardus_geoffroyi,Node5,Neofelis_nebulosa,Panthera_tigris,Panthera_leo,Panthera_pardus,Node27,Panthera_uncia,Node26,Node24,Node22,Node4,Nyctereutes_procyonoides,Vulpes_vulpes,Vulpes_lagopus,Node35,Node33,Canis_lupus,Node32,Lutra_lutra,Enhydra_lutris,Node44,Lontra_canadensis,Node43,Mustela_putorius,Mustela_erminea,Node49,Neogale_vison,Node48,Node42,Meles_meles,Node41,Odobenus_rosmarus,Callorhinus_ursinus,Eumetopias_jubatus,Zalophus_californianus,Node59,Node57,Node55,Halichoerus_grypus,Phoca_vitulina,Node63,Leptonychotes_weddellii,Mirounga_leonina,Mirounga_angustirostris,Node69,Node67,Neomonachus_schauinslandi,Node66,Node62,Node54,Node40,Ailuropoda_melanoleuca,Ursus_americanus,Node76,Ursus_arctos,Ursus_maritimus,Node79,Node75,Node73,Node39,Node31`"	0.2715	0	NA	0.4076	0.8665125
